map_uid;login;ubiname;team;position;round;total_points;score;checkpoints;end_match;time
jWPhzLJGafQDPSoXtnLT6PZfmH2;cncibHERSXeVpllZONllTA;Rh3torique;\N;1;1;500;46858;3773,13818,19773,27805,37469,41214,45812,46858;0;2025-04-02 18:20:14
jWPhzLJGafQDPSoXtnLT6PZfmH2;JvRadosZS-SZUPngNn5IYA;Venn.jpg;\N;2;1;485;47107;3833,13794,19726,28198,37777,41525,46052,47107;0;2025-04-02 18:20:14
jWPhzLJGafQDPSoXtnLT6PZfmH2;LASf-NPUSm2VlWOV6W3ybA;mshk_frede;\N;3;1;470;47218;3737,13751,19683,27702,37654,41482,46118,47218;0;2025-04-02 18:20:14
jWPhzLJGafQDPSoXtnLT6PZfmH2;jBT0kLm1RLOrAaPEk38wAA;miles.TM;\N;4;1;455;47294;3814,13802,19739,27908,37782,41512,46158,47294;0;2025-04-02 18:20:14
jWPhzLJGafQDPSoXtnLT6PZfmH2;Hp6vj6FuTHiHS7xyeZYVmg;Javas..;\N;5;1;443;47564;3788,13865,20026,28122,37958,41875,46478,47564;0;2025-04-02 18:20:14
jWPhzLJGafQDPSoXtnLT6PZfmH2;P5wa0Zj4TGmG2AyT6hi5wg;SparkTheYoofer;\N;6;1;431;47582;3779,13862,19944,28042,37974,41753,46455,47582;0;2025-04-02 18:20:14
jWPhzLJGafQDPSoXtnLT6PZfmH2;-PfCgIQZRy6TKWQ2_j0Eww;NuPrime_TM;\N;7;1;420;47606;3788,14028,20119,28095,37964,41744,46455,47606;0;2025-04-02 18:20:14
jWPhzLJGafQDPSoXtnLT6PZfmH2;2F_SzL9qRKeIzJ2GlbgriA;J4K_TM;\N;8;1;409;47698;3904,14015,19973,28088,37977,41874,46622,47698;0;2025-04-02 18:20:14
jWPhzLJGafQDPSoXtnLT6PZfmH2;mJZx-6H9S6uOl96QKAnZcQ;Bimy..;\N;9;1;399;47704;3813,13775,19764,28112,38047,42012,46635,47704;0;2025-04-02 18:20:14
jWPhzLJGafQDPSoXtnLT6PZfmH2;Vq5ZN29fS_mQx8OZSIbdnA;indiedriver;\N;10;1;390;47808;3813,13941,20016,28018,37913,41970,46695,47808;0;2025-04-02 18:20:14
jWPhzLJGafQDPSoXtnLT6PZfmH2;FlcTcBmzRJ-c4Lxp-Mz3ZQ;DrShnizzle;\N;11;1;381;47838;3813,13955,20062,28068,38124,42028,46735,47838;0;2025-04-02 18:20:14
jWPhzLJGafQDPSoXtnLT6PZfmH2;sysKs8ExTw2GkZg8_Q_CZg;Mericle_;\N;12;1;373;47862;3809,13988,20212,28421,38187,42068,46755,47862;0;2025-04-02 18:20:14
jWPhzLJGafQDPSoXtnLT6PZfmH2;2DYnpCx8S-mWnBq0Hy95-g;Kurisu-tina_;\N;13;1;365;47961;3773,13768,19883,28335,38349,42238,46855,47961;0;2025-04-02 18:20:14
jWPhzLJGafQDPSoXtnLT6PZfmH2;t5IlapErRhyfjWYqBAoVzg;Karlukki;\N;14;1;358;47968;3864,14005,20078,28338,38297,42095,46808,47968;0;2025-04-02 18:20:14
jWPhzLJGafQDPSoXtnLT6PZfmH2;eUoobETZQnaDzkMcunurdA;Marius89..;\N;15;1;351;47982;3792,13902,19904,28505,38574,42234,46888,47982;0;2025-04-02 18:20:14
jWPhzLJGafQDPSoXtnLT6PZfmH2;L1y4StxhS0aUGfP_OCoe1Q;xGuull;\N;16;1;344;48121;3818,14014,20042,28408,38417,42127,46955,48121;0;2025-04-02 18:20:14
jWPhzLJGafQDPSoXtnLT6PZfmH2;uJ6DaJRbRX6riNklD3XqvQ;CatBagasm;\N;17;1;338;48331;3782,13968,20154,28282,38176,42095,47108,48331;0;2025-04-02 18:20:14
jWPhzLJGafQDPSoXtnLT6PZfmH2;lQakLAayTRiyDxvH0CKvEg;Killian_.;\N;18;1;332;48595;3778,13875,19949,28292,38652,42632,47432,48595;0;2025-04-02 18:20:14
jWPhzLJGafQDPSoXtnLT6PZfmH2;V_vWwMxbQqO0GgDYtK3zTg;KNACKII-U.U-;\N;19;1;327;48703;3798,14038,20538,28878,38848,42554,47515,48703;0;2025-04-02 18:20:14
jWPhzLJGafQDPSoXtnLT6PZfmH2;o5CwDJbNTdu_4Dc67_rg2w;JUT.Harry;\N;20;1;322;48861;3797,14066,20462,28902,38563,42664,47635,48861;0;2025-04-02 18:20:14
jWPhzLJGafQDPSoXtnLT6PZfmH2;0plnfcI8TUSBPRmcgQbI-w;OwlEye;\N;21;1;317;48994;3814,14572,20714,29058,39282,43101,47812,48994;0;2025-04-02 18:20:14
jWPhzLJGafQDPSoXtnLT6PZfmH2;9Xjt5MYTR1eviSh3mFc1xA;Retoxi;\N;22;1;312;49725;3973,14317,20496,29145,39485,43552,48462,49725;0;2025-04-02 18:20:14
jWPhzLJGafQDPSoXtnLT6PZfmH2;LNQuQmpvTRGxqjRXrgMM_Q;Titan_3X;\N;23;1;308;49783;3824,14115,20421,28832,40002,43892,48562,49783;0;2025-04-02 18:20:14
jWPhzLJGafQDPSoXtnLT6PZfmH2;yRigbMYiSeS2a2vLZIjbTA;InfernoTM.;\N;24;1;304;49834;3788,13752,19737,27728,37508,41195,45928,49834;0;2025-04-02 18:20:14
jWPhzLJGafQDPSoXtnLT6PZfmH2;qmZlwJ84TIWLyZtTG0kL1g;DingDingDingTM;\N;25;1;300;50099;4128,15315,21668,29908,39989,44012,48972,50099;0;2025-04-02 18:20:14
jWPhzLJGafQDPSoXtnLT6PZfmH2;N9Gp-WAKQWWEBi0AG63oGQ;Yann.TM;\N;26;1;297;50282;3788,13928,19869,28305,40432,44557,49175,50282;0;2025-04-02 18:20:14
jWPhzLJGafQDPSoXtnLT6PZfmH2;duzYCzPgSsCSPOosBZJu6w;Liffey.;\N;27;1;294;51124;3958,14295,20484,28815,41381,45192,49932,51124;0;2025-04-02 18:20:14
jWPhzLJGafQDPSoXtnLT6PZfmH2;g99d814yQPOLAAPgV3vISw;Tundil897;\N;28;1;291;51219;3838,14001,20801,29078,40043,44264,49599,51219;0;2025-04-02 18:20:14
jWPhzLJGafQDPSoXtnLT6PZfmH2;3q2MNAJISh6g6O2zCeJ2NA;LeftIsFaster;\N;29;1;288;51369;5613,15961,22247,30622,41369,45175,50018,51369;0;2025-04-02 18:20:14
jWPhzLJGafQDPSoXtnLT6PZfmH2;3QiPnsyzSV-E7OrXhNTZ2A;FighterDE;\N;30;1;285;56072;8297,18505,24754,33152,43968,47834,52944,56072;0;2025-04-02 18:20:14
jWPhzLJGafQDPSoXtnLT6PZfmH2;MPvgbR3LT3mw8O7H3iSDVg;Shantiyay;\N;31;1;282;62163;3788,21342,27774,36495,50688,55111,60935,62163;0;2025-04-02 18:20:14
jWPhzLJGafQDPSoXtnLT6PZfmH2;19yViem4SO-1U9RfgLBjIQ;Ban_Mr_Greedy;\N;32;1;280;62971;3869,14008,19982,28282,52908,56838,61728,62971;0;2025-04-02 18:20:14
jWPhzLJGafQDPSoXtnLT6PZfmH2;UcES0KWiTB6NUFJBFp6qFw;singerous.;\N;33;1;278;64674;3864,15760,22114,32235,53120,58344,63432,64674;0;2025-04-02 18:20:14
jWPhzLJGafQDPSoXtnLT6PZfmH2;U-X3mdQhTbSIaKDTp3QAYw;Funkerberg;\N;34;1;0;-1;;0;2025-04-02 18:20:14
jWPhzLJGafQDPSoXtnLT6PZfmH2;QqaYuX9ZQQSoQmPHFIjWGQ;Brind;\N;35;1;0;-1;;0;2025-04-02 18:20:14
jWPhzLJGafQDPSoXtnLT6PZfmH2;Z4Dl1Gb9QiS_EwV-Mtet5w;HUGH_JAN0S;\N;36;1;0;-1;;0;2025-04-02 18:20:14
jWPhzLJGafQDPSoXtnLT6PZfmH2;XoQlszEDTTGx8uQ7mek_vw;Phosphorescentt;\N;37;1;0;-1;;0;2025-04-02 18:20:14
jWPhzLJGafQDPSoXtnLT6PZfmH2;F4aNYLSUS4iB3_Td_a4c8Q;Evo.Chris92;\N;38;1;0;-1;;0;2025-04-02 18:20:14
jWPhzLJGafQDPSoXtnLT6PZfmH2;DE3yRs0pQJ-KfDJyFNeazQ;Evo.Palli;\N;39;1;0;-1;;0;2025-04-02 18:20:14
jWPhzLJGafQDPSoXtnLT6PZfmH2;WG1bAmRCQ06uBGW0OSg-bw;HavoccTM;\N;40;1;0;-1;;0;2025-04-02 18:20:14
jWPhzLJGafQDPSoXtnLT6PZfmH2;i4AUjXKnRfuGuHMOaXLP7w;Linden.CC;\N;41;1;0;-1;;0;2025-04-02 18:20:14
jWPhzLJGafQDPSoXtnLT6PZfmH2;NGcBSsHMSq6Z_mvrXsojKg;Mr.Joermungandr;\N;42;1;0;-1;;0;2025-04-02 18:20:14
jWPhzLJGafQDPSoXtnLT6PZfmH2;NTJ0Oob6RhWjQ9D6eGe7WQ;NLBS_;\N;43;1;0;-1;;0;2025-04-02 18:20:14
jWPhzLJGafQDPSoXtnLT6PZfmH2;XtO-pzE0RImUsH-NWjuvQA;knutwest;\N;44;1;0;-1;;0;2025-04-02 18:20:14
jWPhzLJGafQDPSoXtnLT6PZfmH2;sHPPSXb4TRuN50yggB_hIg;xkoshy;\N;45;1;0;-1;;0;2025-04-02 18:20:14
jWPhzLJGafQDPSoXtnLT6PZfmH2;1aAj3epZQO-UAXt43rQoHA;zelibumba;\N;46;1;0;-1;;0;2025-04-02 18:20:14
jWPhzLJGafQDPSoXtnLT6PZfmH2;cncibHERSXeVpllZONllTA;Rh3torique;\N;1;2;955;47647;3779,13704,19628,27975,38038,41844,46492,47647;0;2025-04-02 18:21:34
jWPhzLJGafQDPSoXtnLT6PZfmH2;-PfCgIQZRy6TKWQ2_j0Eww;NuPrime_TM;\N;2;2;920;47033;3819,13808,19791,27728,37378,41140,45878,47033;0;2025-04-02 18:21:34
jWPhzLJGafQDPSoXtnLT6PZfmH2;P5wa0Zj4TGmG2AyT6hi5wg;SparkTheYoofer;\N;3;2;916;47599;3759,13815,19917,28062,37682,41507,46468,47599;0;2025-04-02 18:21:34
jWPhzLJGafQDPSoXtnLT6PZfmH2;JvRadosZS-SZUPngNn5IYA;Venn.jpg;\N;4;2;884;48043;3809,13712,19733,28478,38539,42427,46978,48043;0;2025-04-02 18:21:34
jWPhzLJGafQDPSoXtnLT6PZfmH2;Hp6vj6FuTHiHS7xyeZYVmg;Javas..;\N;5;2;852;47999;3777,13742,19880,28332,38487,42295,46888,47999;0;2025-04-02 18:21:34
jWPhzLJGafQDPSoXtnLT6PZfmH2;LASf-NPUSm2VlWOV6W3ybA;mshk_frede;\N;6;2;797;48478;3748,13898,20362,29158,38877,42568,47335,48478;0;2025-04-02 18:21:34
jWPhzLJGafQDPSoXtnLT6PZfmH2;mJZx-6H9S6uOl96QKAnZcQ;Bimy..;\N;7;2;789;48100;3778,14172,20269,28675,38659,42518,47048,48100;0;2025-04-02 18:21:34
jWPhzLJGafQDPSoXtnLT6PZfmH2;N9Gp-WAKQWWEBi0AG63oGQ;Yann.TM;\N;8;2;767;47624;3773,13862,19817,28055,37872,41782,46415,47624;0;2025-04-02 18:21:34
jWPhzLJGafQDPSoXtnLT6PZfmH2;Vq5ZN29fS_mQx8OZSIbdnA;indiedriver;\N;9;2;763;48231;3798,13998,19969,28495,38676,42481,47125,48231;0;2025-04-02 18:21:34
jWPhzLJGafQDPSoXtnLT6PZfmH2;0plnfcI8TUSBPRmcgQbI-w;OwlEye;\N;10;2;760;47872;3799,13982,19927,28252,38303,42048,46755,47872;0;2025-04-02 18:21:34
jWPhzLJGafQDPSoXtnLT6PZfmH2;V_vWwMxbQqO0GgDYtK3zTg;KNACKII-U.U-;\N;11;2;758;47905;3813,13875,19961,28422,38393,42027,46738,47905;0;2025-04-02 18:21:34
jWPhzLJGafQDPSoXtnLT6PZfmH2;FlcTcBmzRJ-c4Lxp-Mz3ZQ;DrShnizzle;\N;12;2;746;48245;3828,13988,20008,28435,38616,42395,47102,48245;0;2025-04-02 18:21:34
jWPhzLJGafQDPSoXtnLT6PZfmH2;t5IlapErRhyfjWYqBAoVzg;Karlukki;\N;13;2;739;48188;3844,13828,19766,28158,38514,42428,47098,48188;0;2025-04-02 18:21:34
jWPhzLJGafQDPSoXtnLT6PZfmH2;jBT0kLm1RLOrAaPEk38wAA;miles.TM;\N;14;2;733;52694;3789,13732,19716,27941,37654,41467,46228,52694;0;2025-04-02 18:21:34
jWPhzLJGafQDPSoXtnLT6PZfmH2;duzYCzPgSsCSPOosBZJu6w;Liffey.;\N;15;2;714;47965;3803,14135,20234,28451,38129,41902,46808,47965;0;2025-04-02 18:21:34
jWPhzLJGafQDPSoXtnLT6PZfmH2;2F_SzL9qRKeIzJ2GlbgriA;J4K_TM;\N;16;2;709;49651;3813,15167,21567,29972,40242,44032,48572,49651;0;2025-04-02 18:21:34
jWPhzLJGafQDPSoXtnLT6PZfmH2;2DYnpCx8S-mWnBq0Hy95-g;Kurisu-tina_;\N;17;2;697;48423;3749,14081,20532,28935,38933,42745,47338,48423;0;2025-04-02 18:21:34
jWPhzLJGafQDPSoXtnLT6PZfmH2;eUoobETZQnaDzkMcunurdA;Marius89..;\N;18;2;695;48368;3873,13972,19889,28328,38799,42510,47188,48368;0;2025-04-02 18:21:34
jWPhzLJGafQDPSoXtnLT6PZfmH2;uJ6DaJRbRX6riNklD3XqvQ;CatBagasm;\N;19;2;689;48343;3799,13998,20054,28295,38568,42425,47228,48343;0;2025-04-02 18:21:34
jWPhzLJGafQDPSoXtnLT6PZfmH2;o5CwDJbNTdu_4Dc67_rg2w;JUT.Harry;\N;20;2;680;48320;3764,13932,19991,28715,38412,42310,47122,48320;0;2025-04-02 18:21:34
jWPhzLJGafQDPSoXtnLT6PZfmH2;lQakLAayTRiyDxvH0CKvEg;Killian_.;\N;21;2;670;48409;3794,13797,19883,28438,38302,42371,47265,48409;0;2025-04-02 18:21:34
jWPhzLJGafQDPSoXtnLT6PZfmH2;sysKs8ExTw2GkZg8_Q_CZg;Mericle_;\N;22;2;661;51768;3859,16487,23119,32355,42227,46073,50652,51768;0;2025-04-02 18:21:34
jWPhzLJGafQDPSoXtnLT6PZfmH2;yRigbMYiSeS2a2vLZIjbTA;InfernoTM.;\N;23;2;626;48620;3803,13718,19713,28645,38842,42866,47542,48620;0;2025-04-02 18:21:34
jWPhzLJGafQDPSoXtnLT6PZfmH2;L1y4StxhS0aUGfP_OCoe1Q;xGuull;\N;24;2;620;55699;3798,13945,19994,28292,45669,49428,54225,55699;0;2025-04-02 18:21:34
jWPhzLJGafQDPSoXtnLT6PZfmH2;qmZlwJ84TIWLyZtTG0kL1g;DingDingDingTM;\N;25;2;612;48944;3894,14138,20413,28795,39233,43057,47855,48944;0;2025-04-02 18:21:34
jWPhzLJGafQDPSoXtnLT6PZfmH2;9Xjt5MYTR1eviSh3mFc1xA;Retoxi;\N;26;2;594;52142;3914,14765,21182,30439,41948,46262,50968,52142;0;2025-04-02 18:21:34
jWPhzLJGafQDPSoXtnLT6PZfmH2;19yViem4SO-1U9RfgLBjIQ;Ban_Mr_Greedy;\N;27;2;588;49311;3908,14458,20682,28948,39142,43031,48035,49311;0;2025-04-02 18:21:34
jWPhzLJGafQDPSoXtnLT6PZfmH2;LNQuQmpvTRGxqjRXrgMM_Q;Titan_3X;\N;28;2;588;52549;3858,16248,22621,31051,42769,46862,51425,52549;0;2025-04-02 18:21:34
jWPhzLJGafQDPSoXtnLT6PZfmH2;g99d814yQPOLAAPgV3vISw;Tundil897;\N;29;2;585;50999;3814,14234,20762,29478,39829,43985,49274,50999;0;2025-04-02 18:21:34
jWPhzLJGafQDPSoXtnLT6PZfmH2;3q2MNAJISh6g6O2zCeJ2NA;LeftIsFaster;\N;30;2;579;51054;3893,15258,21767,30118,41107,45035,49868,51054;0;2025-04-02 18:21:34
jWPhzLJGafQDPSoXtnLT6PZfmH2;UcES0KWiTB6NUFJBFp6qFw;singerous.;\N;31;2;575;49904;3894,14165,20318,29138,39617,43552,48651,49904;0;2025-04-02 18:21:34
jWPhzLJGafQDPSoXtnLT6PZfmH2;MPvgbR3LT3mw8O7H3iSDVg;Shantiyay;\N;32;2;567;52104;3819,13995,20329,28905,41347,45455,50753,52104;0;2025-04-02 18:21:34
jWPhzLJGafQDPSoXtnLT6PZfmH2;3QiPnsyzSV-E7OrXhNTZ2A;FighterDE;\N;33;2;559;59119;3893,15301,21567,30088,47547,52253,57642,59119;0;2025-04-02 18:21:34
jWPhzLJGafQDPSoXtnLT6PZfmH2;Z4Dl1Gb9QiS_EwV-Mtet5w;HUGH_JAN0S;\N;34;2;317;48745;3778,13991,20228,28835,38869,42812,47578,48745;0;2025-04-02 18:21:34
jWPhzLJGafQDPSoXtnLT6PZfmH2;XoQlszEDTTGx8uQ7mek_vw;Phosphorescentt;\N;35;2;304;49544;3809,14158,20329,28985,39108,43318,48308,49544;0;2025-04-02 18:21:34
jWPhzLJGafQDPSoXtnLT6PZfmH2;QqaYuX9ZQQSoQmPHFIjWGQ;Brind;\N;36;2;272;59249;3824,14867,21443,30338,41347,45555,50823,59249;0;2025-04-02 18:21:34
jWPhzLJGafQDPSoXtnLT6PZfmH2;U-X3mdQhTbSIaKDTp3QAYw;Funkerberg;\N;37;2;270;65683;3913,27628,34404,43255,54315,59014,64273,65683;0;2025-04-02 18:21:34
jWPhzLJGafQDPSoXtnLT6PZfmH2;hPCnBeJkTt2wVPBrJhJxVg;romac20;\N;38;2;0;-1;;0;2025-04-02 18:21:34
jWPhzLJGafQDPSoXtnLT6PZfmH2;F4aNYLSUS4iB3_Td_a4c8Q;Evo.Chris92;\N;39;2;0;-1;;0;2025-04-02 18:21:34
jWPhzLJGafQDPSoXtnLT6PZfmH2;DE3yRs0pQJ-KfDJyFNeazQ;Evo.Palli;\N;40;2;0;-1;;0;2025-04-02 18:21:34
jWPhzLJGafQDPSoXtnLT6PZfmH2;WG1bAmRCQ06uBGW0OSg-bw;HavoccTM;\N;41;2;0;-1;;0;2025-04-02 18:21:34
jWPhzLJGafQDPSoXtnLT6PZfmH2;i4AUjXKnRfuGuHMOaXLP7w;Linden.CC;\N;42;2;0;-1;;0;2025-04-02 18:21:34
jWPhzLJGafQDPSoXtnLT6PZfmH2;NGcBSsHMSq6Z_mvrXsojKg;Mr.Joermungandr;\N;43;2;0;-1;;0;2025-04-02 18:21:34
jWPhzLJGafQDPSoXtnLT6PZfmH2;NTJ0Oob6RhWjQ9D6eGe7WQ;NLBS_;\N;44;2;0;-1;;0;2025-04-02 18:21:34
jWPhzLJGafQDPSoXtnLT6PZfmH2;XtO-pzE0RImUsH-NWjuvQA;knutwest;\N;45;2;0;-1;;0;2025-04-02 18:21:34
jWPhzLJGafQDPSoXtnLT6PZfmH2;sHPPSXb4TRuN50yggB_hIg;xkoshy;\N;46;2;0;-1;;0;2025-04-02 18:21:34
jWPhzLJGafQDPSoXtnLT6PZfmH2;1aAj3epZQO-UAXt43rQoHA;zelibumba;\N;47;2;0;-1;;0;2025-04-02 18:21:34
jWPhzLJGafQDPSoXtnLT6PZfmH2;cncibHERSXeVpllZONllTA;Rh3torique;\N;1;3;1455;47227;3783,13888,19938,28098,37803,41584,46162,47227;0;2025-04-02 18:22:48
jWPhzLJGafQDPSoXtnLT6PZfmH2;-PfCgIQZRy6TKWQ2_j0Eww;NuPrime_TM;\N;2;3;1351;47649;3824,13885,19943,27995,38103,41850,46488,47649;0;2025-04-02 18:22:48
jWPhzLJGafQDPSoXtnLT6PZfmH2;JvRadosZS-SZUPngNn5IYA;Venn.jpg;\N;3;3;1249;48084;3803,14061,20507,28908,38716,42495,47032,48084;0;2025-04-02 18:22:48
jWPhzLJGafQDPSoXtnLT6PZfmH2;Vq5ZN29fS_mQx8OZSIbdnA;indiedriver;\N;4;3;1218;47408;3797,13834,19842,27898,37969,41598,46302,47408;0;2025-04-02 18:22:48
jWPhzLJGafQDPSoXtnLT6PZfmH2;N9Gp-WAKQWWEBi0AG63oGQ;Yann.TM;\N;5;3;1210;47450;3774,13848,19792,27891,37918,41798,46358,47450;0;2025-04-02 18:22:48
jWPhzLJGafQDPSoXtnLT6PZfmH2;jBT0kLm1RLOrAaPEk38wAA;miles.TM;\N;6;3;1203;47301;3759,13725,19672,27815,37782,41654,46205,47301;0;2025-04-02 18:22:48
jWPhzLJGafQDPSoXtnLT6PZfmH2;mJZx-6H9S6uOl96QKAnZcQ;Bimy..;\N;7;3;1198;47862;3778,13781,19827,28308,38148,42124,46788,47862;0;2025-04-02 18:22:48
jWPhzLJGafQDPSoXtnLT6PZfmH2;Hp6vj6FuTHiHS7xyeZYVmg;Javas..;\N;8;3;1196;48273;3774,13728,19905,28272,38732,42588,47175,48273;0;2025-04-02 18:22:48
jWPhzLJGafQDPSoXtnLT6PZfmH2;P5wa0Zj4TGmG2AyT6hi5wg;SparkTheYoofer;\N;9;3;1192;53670;3753,13835,19847,27925,43739,47668,52532,53670;0;2025-04-02 18:22:48
jWPhzLJGafQDPSoXtnLT6PZfmH2;t5IlapErRhyfjWYqBAoVzg;Karlukki;\N;10;3;1120;48018;3838,13991,19971,28858,38657,42378,46942,48018;0;2025-04-02 18:22:48
jWPhzLJGafQDPSoXtnLT6PZfmH2;yRigbMYiSeS2a2vLZIjbTA;InfernoTM.;\N;11;3;1111;47262;3809,13725,19767,27838,37603,41521,46195,47262;0;2025-04-02 18:22:48
jWPhzLJGafQDPSoXtnLT6PZfmH2;LASf-NPUSm2VlWOV6W3ybA;mshk_frede;\N;12;3;1109;48802;3777,15242,21342,29328,39033,42800,47708,48802;0;2025-04-02 18:22:48
jWPhzLJGafQDPSoXtnLT6PZfmH2;V_vWwMxbQqO0GgDYtK3zTg;KNACKII-U.U-;\N;13;3;1109;48272;3839,13978,20137,28592,38732,42562,47138,48272;0;2025-04-02 18:22:48
jWPhzLJGafQDPSoXtnLT6PZfmH2;FlcTcBmzRJ-c4Lxp-Mz3ZQ;DrShnizzle;\N;14;3;1104;48263;3848,14035,20092,28162,38458,42325,47138,48263;0;2025-04-02 18:22:48
jWPhzLJGafQDPSoXtnLT6PZfmH2;0plnfcI8TUSBPRmcgQbI-w;OwlEye;\N;15;3;1098;48299;3809,13908,19963,28572,38717,42520,47158,48299;0;2025-04-02 18:22:48
jWPhzLJGafQDPSoXtnLT6PZfmH2;lQakLAayTRiyDxvH0CKvEg;Killian_.;\N;16;3;1090;47712;3784,13771,19799,28198,38137,42057,46602,47712;0;2025-04-02 18:22:48
jWPhzLJGafQDPSoXtnLT6PZfmH2;duzYCzPgSsCSPOosBZJu6w;Liffey.;\N;17;3;1087;48067;3789,13825,19919,28118,38109,42222,46948,48067;0;2025-04-02 18:22:48
jWPhzLJGafQDPSoXtnLT6PZfmH2;eUoobETZQnaDzkMcunurdA;Marius89..;\N;18;3;1085;47935;3833,13857,19903,28308,38399,42085,46798,47935;0;2025-04-02 18:22:48
jWPhzLJGafQDPSoXtnLT6PZfmH2;o5CwDJbNTdu_4Dc67_rg2w;JUT.Harry;\N;19;3;1079;47894;3778,13945,19944,28485,38061,41971,46755,47894;0;2025-04-02 18:22:48
jWPhzLJGafQDPSoXtnLT6PZfmH2;2DYnpCx8S-mWnBq0Hy95-g;Kurisu-tina_;\N;20;3;1019;48565;3754,13758,20029,28562,38912,42890,47498,48565;0;2025-04-02 18:22:48
jWPhzLJGafQDPSoXtnLT6PZfmH2;2F_SzL9qRKeIzJ2GlbgriA;J4K_TM;\N;21;3;994;52554;3834,13967,20049,28095,43063,46906,51475,52554;0;2025-04-02 18:22:48
jWPhzLJGafQDPSoXtnLT6PZfmH2;sysKs8ExTw2GkZg8_Q_CZg;Mericle_;\N;22;3;993;48332;3868,13991,20253,28705,38652,42535,47178,48332;0;2025-04-02 18:22:48
jWPhzLJGafQDPSoXtnLT6PZfmH2;uJ6DaJRbRX6riNklD3XqvQ;CatBagasm;\N;23;3;971;52737;3824,13952,20023,28148,37975,42002,47532,52737;0;2025-04-02 18:22:48
jWPhzLJGafQDPSoXtnLT6PZfmH2;L1y4StxhS0aUGfP_OCoe1Q;xGuull;\N;24;3;947;48342;3769,13925,20114,28422,38269,42391,47132,48342;0;2025-04-02 18:22:48
jWPhzLJGafQDPSoXtnLT6PZfmH2;qmZlwJ84TIWLyZtTG0kL1g;DingDingDingTM;\N;25;3;912;49094;3893,14094,20441,28718,39307,43204,47955,49094;0;2025-04-02 18:22:48
jWPhzLJGafQDPSoXtnLT6PZfmH2;19yViem4SO-1U9RfgLBjIQ;Ban_Mr_Greedy;\N;26;3;896;48971;3933,14058,20333,28725,39063,43014,47778,48971;0;2025-04-02 18:22:48
jWPhzLJGafQDPSoXtnLT6PZfmH2;3q2MNAJISh6g6O2zCeJ2NA;LeftIsFaster;\N;27;3;876;49583;3853,14235,20674,29152,39841,43595,48352,49583;0;2025-04-02 18:22:48
jWPhzLJGafQDPSoXtnLT6PZfmH2;9Xjt5MYTR1eviSh3mFc1xA;Retoxi;\N;28;3;868;57111;3904,14114,20370,29224,47093,51252,55982,57111;0;2025-04-02 18:22:48
jWPhzLJGafQDPSoXtnLT6PZfmH2;LNQuQmpvTRGxqjRXrgMM_Q;Titan_3X;\N;29;3;868;53208;3828,14002,20506,29388,41689,46474,51935,53208;0;2025-04-02 18:22:48
jWPhzLJGafQDPSoXtnLT6PZfmH2;g99d814yQPOLAAPgV3vISw;Tundil897;\N;30;3;863;53412;3928,15641,22259,30928,42501,46775,52044,53412;0;2025-04-02 18:22:48
jWPhzLJGafQDPSoXtnLT6PZfmH2;MPvgbR3LT3mw8O7H3iSDVg;Shantiyay;\N;31;3;858;50883;3822,14542,21082,29672,40089,44218,49489,50883;0;2025-04-02 18:22:48
jWPhzLJGafQDPSoXtnLT6PZfmH2;3QiPnsyzSV-E7OrXhNTZ2A;FighterDE;\N;32;3;853;49966;3893,14111,20294,28675,39362,43608,48702,49966;0;2025-04-02 18:22:48
jWPhzLJGafQDPSoXtnLT6PZfmH2;UcES0KWiTB6NUFJBFp6qFw;singerous.;\N;33;3;845;60551;3868,14247,20406,29128,50308,54458,59338,60551;0;2025-04-02 18:22:48
jWPhzLJGafQDPSoXtnLT6PZfmH2;XoQlszEDTTGx8uQ7mek_vw;Phosphorescentt;\N;34;3;621;48658;3814,14098,20224,28655,38897,42700,47515,48658;0;2025-04-02 18:22:48
jWPhzLJGafQDPSoXtnLT6PZfmH2;Z4Dl1Gb9QiS_EwV-Mtet5w;HUGH_JAN0S;\N;35;3;621;48991;3753,13938,20097,28562,39113,42918,47785,48991;0;2025-04-02 18:22:48
jWPhzLJGafQDPSoXtnLT6PZfmH2;QqaYuX9ZQQSoQmPHFIjWGQ;Brind;\N;36;3;560;51009;3887,14521,20897,29465,39932,44100,49398,51009;0;2025-04-02 18:22:48
jWPhzLJGafQDPSoXtnLT6PZfmH2;U-X3mdQhTbSIaKDTp3QAYw;Funkerberg;\N;37;3;542;57790;3893,14100,20735,29328,39613,43648,48793,57790;0;2025-04-02 18:22:48
jWPhzLJGafQDPSoXtnLT6PZfmH2;hPCnBeJkTt2wVPBrJhJxVg;romac20;\N;38;3;0;-1;;0;2025-04-02 18:22:48
jWPhzLJGafQDPSoXtnLT6PZfmH2;F4aNYLSUS4iB3_Td_a4c8Q;Evo.Chris92;\N;39;3;0;-1;;0;2025-04-02 18:22:48
jWPhzLJGafQDPSoXtnLT6PZfmH2;DE3yRs0pQJ-KfDJyFNeazQ;Evo.Palli;\N;40;3;0;-1;;0;2025-04-02 18:22:48
jWPhzLJGafQDPSoXtnLT6PZfmH2;WG1bAmRCQ06uBGW0OSg-bw;HavoccTM;\N;41;3;0;-1;;0;2025-04-02 18:22:48
jWPhzLJGafQDPSoXtnLT6PZfmH2;i4AUjXKnRfuGuHMOaXLP7w;Linden.CC;\N;42;3;0;-1;;0;2025-04-02 18:22:48
jWPhzLJGafQDPSoXtnLT6PZfmH2;NGcBSsHMSq6Z_mvrXsojKg;Mr.Joermungandr;\N;43;3;0;-1;;0;2025-04-02 18:22:48
jWPhzLJGafQDPSoXtnLT6PZfmH2;NTJ0Oob6RhWjQ9D6eGe7WQ;NLBS_;\N;44;3;0;-1;;0;2025-04-02 18:22:48
jWPhzLJGafQDPSoXtnLT6PZfmH2;XtO-pzE0RImUsH-NWjuvQA;knutwest;\N;45;3;0;-1;;0;2025-04-02 18:22:48
jWPhzLJGafQDPSoXtnLT6PZfmH2;sHPPSXb4TRuN50yggB_hIg;xkoshy;\N;46;3;0;-1;;0;2025-04-02 18:22:48
jWPhzLJGafQDPSoXtnLT6PZfmH2;1aAj3epZQO-UAXt43rQoHA;zelibumba;\N;47;3;0;-1;;0;2025-04-02 18:22:48
jWPhzLJGafQDPSoXtnLT6PZfmH2;-PfCgIQZRy6TKWQ2_j0Eww;NuPrime_TM;\N;1;4;1851;46983;3788,13818,19782,27695,37469,41178,45808,46983;0;2025-04-02 18:24:08
jWPhzLJGafQDPSoXtnLT6PZfmH2;cncibHERSXeVpllZONllTA;Rh3torique;\N;2;4;1793;48195;3788,13772,19828,27875,37783,42033,47045,48195;0;2025-04-02 18:24:08
jWPhzLJGafQDPSoXtnLT6PZfmH2;JvRadosZS-SZUPngNn5IYA;Venn.jpg;\N;3;4;1734;47195;3803,13782,19807,27842,37759,41612,46152,47195;0;2025-04-02 18:24:08
jWPhzLJGafQDPSoXtnLT6PZfmH2;mJZx-6H9S6uOl96QKAnZcQ;Bimy..;\N;4;4;1641;47535;3818,13775,19709,28188,38094,41835,46452,47535;0;2025-04-02 18:24:08
jWPhzLJGafQDPSoXtnLT6PZfmH2;Hp6vj6FuTHiHS7xyeZYVmg;Javas..;\N;5;4;1627;47748;3778,13821,19893,28252,38213,42005,46638,47748;0;2025-04-02 18:24:08
jWPhzLJGafQDPSoXtnLT6PZfmH2;N9Gp-WAKQWWEBi0AG63oGQ;Yann.TM;\N;6;4;1583;47918;3802,14232,20388,28618,38453,42227,46832,47918;0;2025-04-02 18:24:08
jWPhzLJGafQDPSoXtnLT6PZfmH2;yRigbMYiSeS2a2vLZIjbTA;InfernoTM.;\N;7;4;1566;47517;3799,13738,19754,27845,37979,41835,46428,47517;0;2025-04-02 18:24:08
jWPhzLJGafQDPSoXtnLT6PZfmH2;lQakLAayTRiyDxvH0CKvEg;Killian_.;\N;8;4;1560;47435;3754,13700,19672,27878,37802,41702,46298,47435;0;2025-04-02 18:24:08
jWPhzLJGafQDPSoXtnLT6PZfmH2;Vq5ZN29fS_mQx8OZSIbdnA;indiedriver;\N;9;4;1509;48902;3789,13778,19791,28268,38229,42623,47725,48902;0;2025-04-02 18:24:08
jWPhzLJGafQDPSoXtnLT6PZfmH2;P5wa0Zj4TGmG2AyT6hi5wg;SparkTheYoofer;\N;10;4;1504;48779;3744,13912,19956,27878,38219,42194,47512,48779;0;2025-04-02 18:24:08
jWPhzLJGafQDPSoXtnLT6PZfmH2;eUoobETZQnaDzkMcunurdA;Marius89..;\N;11;4;1494;47805;3803,13828,19897,27958,38083,41901,46662,47805;0;2025-04-02 18:24:08
jWPhzLJGafQDPSoXtnLT6PZfmH2;jBT0kLm1RLOrAaPEk38wAA;miles.TM;\N;12;4;1488;56244;3803,22575,28583,36835,46707,50512,55165,56244;0;2025-04-02 18:24:08
jWPhzLJGafQDPSoXtnLT6PZfmH2;duzYCzPgSsCSPOosBZJu6w;Liffey.;\N;13;4;1477;47880;3793,13881,19838,28218,38397,42194,46788,47880;0;2025-04-02 18:24:08
jWPhzLJGafQDPSoXtnLT6PZfmH2;0plnfcI8TUSBPRmcgQbI-w;OwlEye;\N;14;4;1456;48036;3903,14034,20066,28595,38572,42322,46942,48036;0;2025-04-02 18:24:08
jWPhzLJGafQDPSoXtnLT6PZfmH2;FlcTcBmzRJ-c4Lxp-Mz3ZQ;DrShnizzle;\N;15;4;1455;48149;3827,13844,19964,28402,38398,42308,47005,48149;0;2025-04-02 18:24:08
jWPhzLJGafQDPSoXtnLT6PZfmH2;V_vWwMxbQqO0GgDYtK3zTg;KNACKII-U.U-;\N;16;4;1453;48158;3804,13935,19981,28512,38608,42442,47025,48158;0;2025-04-02 18:24:08
jWPhzLJGafQDPSoXtnLT6PZfmH2;o5CwDJbNTdu_4Dc67_rg2w;JUT.Harry;\N;17;4;1444;47932;3759,13912,19867,28282,38051,41961,46722,47932;0;2025-04-02 18:24:08
jWPhzLJGafQDPSoXtnLT6PZfmH2;t5IlapErRhyfjWYqBAoVzg;Karlukki;\N;18;4;1417;48859;3798,13734,19805,28132,38236,42532,47655,48859;0;2025-04-02 18:24:08
jWPhzLJGafQDPSoXtnLT6PZfmH2;LASf-NPUSm2VlWOV6W3ybA;mshk_frede;\N;19;4;1409;48831;3739,14107,20754,29308,39338,43208,47762,48831;0;2025-04-02 18:24:08
jWPhzLJGafQDPSoXtnLT6PZfmH2;2F_SzL9qRKeIzJ2GlbgriA;J4K_TM;\N;20;4;1375;47912;3842,13812,19761,28532,38199,42053,46825,47912;0;2025-04-02 18:24:08
jWPhzLJGafQDPSoXtnLT6PZfmH2;uJ6DaJRbRX6riNklD3XqvQ;CatBagasm;\N;21;4;1370;47822;3809,13905,19996,28215,37997,41958,46665,47822;0;2025-04-02 18:24:08
jWPhzLJGafQDPSoXtnLT6PZfmH2;L1y4StxhS0aUGfP_OCoe1Q;xGuull;\N;22;4;1367;47795;3783,13995,20062,28348,38193,41903,46648,47795;0;2025-04-02 18:24:08
jWPhzLJGafQDPSoXtnLT6PZfmH2;2DYnpCx8S-mWnBq0Hy95-g;Kurisu-tina_;\N;23;4;1341;48348;3754,14005,20033,28665,38894,42698,47275,48348;0;2025-04-02 18:24:08
jWPhzLJGafQDPSoXtnLT6PZfmH2;sysKs8ExTw2GkZg8_Q_CZg;Mericle_;\N;24;4;1297;48808;3873,14284,20654,29222,39213,42980,47682,48808;0;2025-04-02 18:24:08
jWPhzLJGafQDPSoXtnLT6PZfmH2;19yViem4SO-1U9RfgLBjIQ;Ban_Mr_Greedy;\N;25;4;1228;48255;3903,13994,20174,28438,38327,42164,47015,48255;0;2025-04-02 18:24:08
jWPhzLJGafQDPSoXtnLT6PZfmH2;qmZlwJ84TIWLyZtTG0kL1g;DingDingDingTM;\N;26;4;1206;48870;3899,14082,20431,28885,39313,43038,47762,48870;0;2025-04-02 18:24:08
jWPhzLJGafQDPSoXtnLT6PZfmH2;3q2MNAJISh6g6O2zCeJ2NA;LeftIsFaster;\N;27;4;1184;48794;3834,13998,20047,28345,38992,42858,47572,48794;0;2025-04-02 18:24:08
jWPhzLJGafQDPSoXtnLT6PZfmH2;LNQuQmpvTRGxqjRXrgMM_Q;Titan_3X;\N;28;4;1156;52383;3814,15008,21178,29728,42078,46091,51145,52383;0;2025-04-02 18:24:08
jWPhzLJGafQDPSoXtnLT6PZfmH2;9Xjt5MYTR1eviSh3mFc1xA;Retoxi;\N;29;4;1150;58584;3958,22975,29202,37708,48319,52348,57315,58584;0;2025-04-02 18:24:08
jWPhzLJGafQDPSoXtnLT6PZfmH2;g99d814yQPOLAAPgV3vISw;Tundil897;\N;30;4;1143;59739;3904,14451,21370,38398,48898,53101,58372,59739;0;2025-04-02 18:24:08
jWPhzLJGafQDPSoXtnLT6PZfmH2;MPvgbR3LT3mw8O7H3iSDVg;Shantiyay;\N;31;4;1130;70637;3784,15361,21502,30065,60277,64253,69378,70637;0;2025-04-02 18:24:08
jWPhzLJGafQDPSoXtnLT6PZfmH2;3QiPnsyzSV-E7OrXhNTZ2A;FighterDE;\N;32;4;1127;64908;3839,14048,20276,28585,53954,58392,63652,64908;0;2025-04-02 18:24:08
jWPhzLJGafQDPSoXtnLT6PZfmH2;XoQlszEDTTGx8uQ7mek_vw;Phosphorescentt;\N;33;4;948;48308;3774,13965,20027,28402,38538,42447,47168,48308;0;2025-04-02 18:24:08
jWPhzLJGafQDPSoXtnLT6PZfmH2;Z4Dl1Gb9QiS_EwV-Mtet5w;HUGH_JAN0S;\N;34;4;938;48367;3773,13795,19783,28148,38643,42378,47228,48367;0;2025-04-02 18:24:08
jWPhzLJGafQDPSoXtnLT6PZfmH2;UcES0KWiTB6NUFJBFp6qFw;singerous.;\N;35;4;845;-1;;0;2025-04-02 18:24:08
jWPhzLJGafQDPSoXtnLT6PZfmH2;U-X3mdQhTbSIaKDTp3QAYw;Funkerberg;\N;36;4;820;61147;3813,21518,28219,37212,49396,54556,59862,61147;0;2025-04-02 18:24:08
jWPhzLJGafQDPSoXtnLT6PZfmH2;QqaYuX9ZQQSoQmPHFIjWGQ;Brind;\N;37;4;560;-1;;0;2025-04-02 18:24:08
jWPhzLJGafQDPSoXtnLT6PZfmH2;hPCnBeJkTt2wVPBrJhJxVg;romac20;\N;38;4;276;64331;4387,17364,24293,33184,53175,57774,63102,64331;0;2025-04-02 18:24:08
jWPhzLJGafQDPSoXtnLT6PZfmH2;F4aNYLSUS4iB3_Td_a4c8Q;Evo.Chris92;\N;39;4;0;-1;;0;2025-04-02 18:24:08
jWPhzLJGafQDPSoXtnLT6PZfmH2;DE3yRs0pQJ-KfDJyFNeazQ;Evo.Palli;\N;40;4;0;-1;;0;2025-04-02 18:24:08
jWPhzLJGafQDPSoXtnLT6PZfmH2;WG1bAmRCQ06uBGW0OSg-bw;HavoccTM;\N;41;4;0;-1;;0;2025-04-02 18:24:08
jWPhzLJGafQDPSoXtnLT6PZfmH2;i4AUjXKnRfuGuHMOaXLP7w;Linden.CC;\N;42;4;0;-1;;0;2025-04-02 18:24:08
jWPhzLJGafQDPSoXtnLT6PZfmH2;NGcBSsHMSq6Z_mvrXsojKg;Mr.Joermungandr;\N;43;4;0;-1;;0;2025-04-02 18:24:08
jWPhzLJGafQDPSoXtnLT6PZfmH2;NTJ0Oob6RhWjQ9D6eGe7WQ;NLBS_;\N;44;4;0;-1;;0;2025-04-02 18:24:08
jWPhzLJGafQDPSoXtnLT6PZfmH2;XtO-pzE0RImUsH-NWjuvQA;knutwest;\N;45;4;0;-1;;0;2025-04-02 18:24:08
jWPhzLJGafQDPSoXtnLT6PZfmH2;sHPPSXb4TRuN50yggB_hIg;xkoshy;\N;46;4;0;-1;;0;2025-04-02 18:24:08
jWPhzLJGafQDPSoXtnLT6PZfmH2;1aAj3epZQO-UAXt43rQoHA;zelibumba;\N;47;4;0;-1;;0;2025-04-02 18:24:08
jWPhzLJGafQDPSoXtnLT6PZfmH2;-PfCgIQZRy6TKWQ2_j0Eww;NuPrime_TM;\N;1;5;2306;47418;3789,13818,19802,28158,37867,41600,46302,47418;0;2025-04-02 18:25:22
jWPhzLJGafQDPSoXtnLT6PZfmH2;cncibHERSXeVpllZONllTA;Rh3torique;\N;2;5;2263;47376;3768,14054,20187,28365,38021,41790,46295,47376;0;2025-04-02 18:25:22
jWPhzLJGafQDPSoXtnLT6PZfmH2;JvRadosZS-SZUPngNn5IYA;Venn.jpg;\N;3;5;2124;47754;3808,13785,19753,28125,37807,41763,46642,47754;0;2025-04-02 18:25:22
jWPhzLJGafQDPSoXtnLT6PZfmH2;Hp6vj6FuTHiHS7xyeZYVmg;Javas..;\N;4;5;2070;47570;3773,13958,20169,28112,38078,41828,46475,47570;0;2025-04-02 18:25:22
jWPhzLJGafQDPSoXtnLT6PZfmH2;yRigbMYiSeS2a2vLZIjbTA;InfernoTM.;\N;5;5;2051;47194;3784,13768,19673,27825,37789,41527,46128,47194;0;2025-04-02 18:25:22
jWPhzLJGafQDPSoXtnLT6PZfmH2;mJZx-6H9S6uOl96QKAnZcQ;Bimy..;\N;6;5;2050;47692;3773,13808,19734,28075,38123,42088,46638,47692;0;2025-04-02 18:25:22
jWPhzLJGafQDPSoXtnLT6PZfmH2;P5wa0Zj4TGmG2AyT6hi5wg;SparkTheYoofer;\N;7;5;1935;47624;3749,13828,19894,27932,38213,42037,46552,47624;0;2025-04-02 18:25:22
jWPhzLJGafQDPSoXtnLT6PZfmH2;LASf-NPUSm2VlWOV6W3ybA;mshk_frede;\N;8;5;1909;47048;3759,13787,19776,27928,37552,41330,45962,47048;0;2025-04-02 18:25:22
jWPhzLJGafQDPSoXtnLT6PZfmH2;N9Gp-WAKQWWEBi0AG63oGQ;Yann.TM;\N;9;5;1900;48380;3774,13728,19699,28085,38906,42788,47308,48380;0;2025-04-02 18:25:22
jWPhzLJGafQDPSoXtnLT6PZfmH2;jBT0kLm1RLOrAaPEk38wAA;miles.TM;\N;10;5;1869;47788;3783,13791,19694,28018,38293,42117,46695,47788;0;2025-04-02 18:25:22
jWPhzLJGafQDPSoXtnLT6PZfmH2;Vq5ZN29fS_mQx8OZSIbdnA;indiedriver;\N;11;5;1860;47918;3773,13832,19873,28475,38312,41982,46785,47918;0;2025-04-02 18:25:22
jWPhzLJGafQDPSoXtnLT6PZfmH2;lQakLAayTRiyDxvH0CKvEg;Killian_.;\N;12;5;1838;54684;3754,20872,26852,35348,45199,49058,53602,54684;0;2025-04-02 18:25:22
jWPhzLJGafQDPSoXtnLT6PZfmH2;eUoobETZQnaDzkMcunurdA;Marius89..;\N;13;5;1832;47978;3814,13998,20047,28335,38384,42200,46858,47978;0;2025-04-02 18:25:22
jWPhzLJGafQDPSoXtnLT6PZfmH2;V_vWwMxbQqO0GgDYtK3zTg;KNACKII-U.U-;\N;14;5;1818;47807;3784,13738,19868,28205,38331,42104,46682,47807;0;2025-04-02 18:25:22
jWPhzLJGafQDPSoXtnLT6PZfmH2;o5CwDJbNTdu_4Dc67_rg2w;JUT.Harry;\N;15;5;1802;47828;3784,13838,19846,28278,38054,41924,46662,47828;0;2025-04-02 18:25:22
jWPhzLJGafQDPSoXtnLT6PZfmH2;FlcTcBmzRJ-c4Lxp-Mz3ZQ;DrShnizzle;\N;16;5;1799;47929;3993,14145,20161,28222,38203,42104,46802,47929;0;2025-04-02 18:25:22
jWPhzLJGafQDPSoXtnLT6PZfmH2;t5IlapErRhyfjWYqBAoVzg;Karlukki;\N;17;5;1790;47798;3839,13871,19857,28195,38342,42115,46728,47798;0;2025-04-02 18:25:22
jWPhzLJGafQDPSoXtnLT6PZfmH2;duzYCzPgSsCSPOosBZJu6w;Liffey.;\N;18;5;1785;48488;3774,13975,20446,28708,38751,42498,47345,48488;0;2025-04-02 18:25:22
jWPhzLJGafQDPSoXtnLT6PZfmH2;2F_SzL9qRKeIzJ2GlbgriA;J4K_TM;\N;19;5;1774;47732;3838,13845,19937,28432,38189,42047,46658,47732;0;2025-04-02 18:25:22
jWPhzLJGafQDPSoXtnLT6PZfmH2;2DYnpCx8S-mWnBq0Hy95-g;Kurisu-tina_;\N;20;5;1761;47685;3738,13685,19739,27908,38086,41954,46612,47685;0;2025-04-02 18:25:22
jWPhzLJGafQDPSoXtnLT6PZfmH2;0plnfcI8TUSBPRmcgQbI-w;OwlEye;\N;21;5;1753;48738;3818,13945,19886,28245,38489,42214,47465,48738;0;2025-04-02 18:25:22
jWPhzLJGafQDPSoXtnLT6PZfmH2;uJ6DaJRbRX6riNklD3XqvQ;CatBagasm;\N;22;5;1702;48031;3794,13858,19844,28055,38362,42357,46945,48031;0;2025-04-02 18:25:22
jWPhzLJGafQDPSoXtnLT6PZfmH2;L1y4StxhS0aUGfP_OCoe1Q;xGuull;\N;23;5;1694;48054;3759,14021,20082,28448,38484,42268,46955,48054;0;2025-04-02 18:25:22
jWPhzLJGafQDPSoXtnLT6PZfmH2;sysKs8ExTw2GkZg8_Q_CZg;Mericle_;\N;24;5;1619;48318;3848,13938,19933,28355,38449,42484,47248,48318;0;2025-04-02 18:25:22
jWPhzLJGafQDPSoXtnLT6PZfmH2;19yViem4SO-1U9RfgLBjIQ;Ban_Mr_Greedy;\N;25;5;1528;48643;3908,14057,20183,28852,38817,42660,47442,48643;0;2025-04-02 18:25:22
jWPhzLJGafQDPSoXtnLT6PZfmH2;qmZlwJ84TIWLyZtTG0kL1g;DingDingDingTM;\N;26;5;1494;50634;3834,14087,20327,28912,39004,43760,49118,50634;0;2025-04-02 18:25:22
jWPhzLJGafQDPSoXtnLT6PZfmH2;3q2MNAJISh6g6O2zCeJ2NA;LeftIsFaster;\N;27;5;1466;53119;3879,16073,23098,31328,42037,46412,51787,53119;0;2025-04-02 18:25:22
jWPhzLJGafQDPSoXtnLT6PZfmH2;g99d814yQPOLAAPgV3vISw;Tundil897;\N;28;5;1434;50369;3844,14042,20398,29233,39753,43802,48964,50369;0;2025-04-02 18:25:22
jWPhzLJGafQDPSoXtnLT6PZfmH2;LNQuQmpvTRGxqjRXrgMM_Q;Titan_3X;\N;29;5;1432;55109;3853,14512,20711,29185,44887,48891,53875,55109;0;2025-04-02 18:25:22
jWPhzLJGafQDPSoXtnLT6PZfmH2;MPvgbR3LT3mw8O7H3iSDVg;Shantiyay;\N;30;5;1424;49690;3783,14448,20837,29502,39698,43534,48468,49690;0;2025-04-02 18:25:22
jWPhzLJGafQDPSoXtnLT6PZfmH2;9Xjt5MYTR1eviSh3mFc1xA;Retoxi;\N;31;5;1424;56828;3992,22012,28244,36592,46606,50695,55642,56828;0;2025-04-02 18:25:22
jWPhzLJGafQDPSoXtnLT6PZfmH2;3QiPnsyzSV-E7OrXhNTZ2A;FighterDE;\N;32;5;1412;52146;7219,17348,23583,32025,42028,46068,50935,52146;0;2025-04-02 18:25:22
jWPhzLJGafQDPSoXtnLT6PZfmH2;XoQlszEDTTGx8uQ7mek_vw;Phosphorescentt;\N;33;5;1252;48542;3834,14091,20146,28495,38682,42687,47382,48542;0;2025-04-02 18:25:22
jWPhzLJGafQDPSoXtnLT6PZfmH2;Z4Dl1Gb9QiS_EwV-Mtet5w;HUGH_JAN0S;\N;34;5;1250;48424;3773,13855,19863,28402,38718,42465,47245,48424;0;2025-04-02 18:25:22
jWPhzLJGafQDPSoXtnLT6PZfmH2;U-X3mdQhTbSIaKDTp3QAYw;Funkerberg;\N;35;5;1092;58412;3884,14293,21023,31263,43766,52007,57108,58412;0;2025-04-02 18:25:22
jWPhzLJGafQDPSoXtnLT6PZfmH2;UcES0KWiTB6NUFJBFp6qFw;singerous.;\N;36;5;845;-1;;0;2025-04-02 18:25:22
jWPhzLJGafQDPSoXtnLT6PZfmH2;QqaYuX9ZQQSoQmPHFIjWGQ;Brind;\N;37;5;840;54586;3884,14892,21066,29448,43897,48100,53285,54586;0;2025-04-02 18:25:22
jWPhzLJGafQDPSoXtnLT6PZfmH2;hPCnBeJkTt2wVPBrJhJxVg;romac20;\N;38;5;276;-1;;0;2025-04-02 18:25:22
jWPhzLJGafQDPSoXtnLT6PZfmH2;YPIkOExNRMu3m46eFVqAEg;WeLoveDrumABass;\N;39;5;0;-1;;0;2025-04-02 18:25:22
jWPhzLJGafQDPSoXtnLT6PZfmH2;F4aNYLSUS4iB3_Td_a4c8Q;Evo.Chris92;\N;40;5;0;-1;;0;2025-04-02 18:25:22
jWPhzLJGafQDPSoXtnLT6PZfmH2;DE3yRs0pQJ-KfDJyFNeazQ;Evo.Palli;\N;41;5;0;-1;;0;2025-04-02 18:25:22
jWPhzLJGafQDPSoXtnLT6PZfmH2;WG1bAmRCQ06uBGW0OSg-bw;HavoccTM;\N;42;5;0;-1;;0;2025-04-02 18:25:22
jWPhzLJGafQDPSoXtnLT6PZfmH2;i4AUjXKnRfuGuHMOaXLP7w;Linden.CC;\N;43;5;0;-1;;0;2025-04-02 18:25:22
jWPhzLJGafQDPSoXtnLT6PZfmH2;NGcBSsHMSq6Z_mvrXsojKg;Mr.Joermungandr;\N;44;5;0;-1;;0;2025-04-02 18:25:22
jWPhzLJGafQDPSoXtnLT6PZfmH2;NTJ0Oob6RhWjQ9D6eGe7WQ;NLBS_;\N;45;5;0;-1;;0;2025-04-02 18:25:22
jWPhzLJGafQDPSoXtnLT6PZfmH2;XtO-pzE0RImUsH-NWjuvQA;knutwest;\N;46;5;0;-1;;0;2025-04-02 18:25:22
jWPhzLJGafQDPSoXtnLT6PZfmH2;sHPPSXb4TRuN50yggB_hIg;xkoshy;\N;47;5;0;-1;;0;2025-04-02 18:25:22
jWPhzLJGafQDPSoXtnLT6PZfmH2;1aAj3epZQO-UAXt43rQoHA;zelibumba;\N;48;5;0;-1;;0;2025-04-02 18:25:22
jWPhzLJGafQDPSoXtnLT6PZfmH2;cncibHERSXeVpllZONllTA;Rh3torique;\N;1;6;2748;47033;3783,13798,19857,27892,37668,41385,45968,47033;0;2025-04-02 18:26:42
jWPhzLJGafQDPSoXtnLT6PZfmH2;-PfCgIQZRy6TKWQ2_j0Eww;NuPrime_TM;\N;2;6;2664;47848;3823,13861,19857,28615,38283,42085,46745,47848;0;2025-04-02 18:26:42
jWPhzLJGafQDPSoXtnLT6PZfmH2;JvRadosZS-SZUPngNn5IYA;Venn.jpg;\N;3;6;2624;46922;3808,13802,19772,28082,37703,41316,45862,46922;0;2025-04-02 18:26:42
jWPhzLJGafQDPSoXtnLT6PZfmH2;yRigbMYiSeS2a2vLZIjbTA;InfernoTM.;\N;4;6;2494;47319;3764,13704,19662,28185,37821,41532,46195,47319;0;2025-04-02 18:26:42
jWPhzLJGafQDPSoXtnLT6PZfmH2;mJZx-6H9S6uOl96QKAnZcQ;Bimy..;\N;5;6;2481;47365;3803,13838,19809,27978,37924,41685,46278,47365;0;2025-04-02 18:26:42
jWPhzLJGafQDPSoXtnLT6PZfmH2;Hp6vj6FuTHiHS7xyeZYVmg;Javas..;\N;6;6;2479;47448;3773,13861,20048,28272,37933,41762,46345,47448;0;2025-04-02 18:26:42
jWPhzLJGafQDPSoXtnLT6PZfmH2;LASf-NPUSm2VlWOV6W3ybA;mshk_frede;\N;7;6;2308;47464;3717,13712,19661,28175,38023,41821,46388,47464;0;2025-04-02 18:26:42
jWPhzLJGafQDPSoXtnLT6PZfmH2;Vq5ZN29fS_mQx8OZSIbdnA;indiedriver;\N;8;6;2280;47438;3749,13752,19739,27881,37793,41592,46278,47438;0;2025-04-02 18:26:42
jWPhzLJGafQDPSoXtnLT6PZfmH2;P5wa0Zj4TGmG2AyT6hi5wg;SparkTheYoofer;\N;9;6;2279;48413;3733,13805,19853,28205,38283,42078,47172,48413;0;2025-04-02 18:26:42
jWPhzLJGafQDPSoXtnLT6PZfmH2;jBT0kLm1RLOrAaPEk38wAA;miles.TM;\N;10;6;2250;47570;3768,13751,19679,27842,38051,41958,46485,47570;0;2025-04-02 18:26:42
jWPhzLJGafQDPSoXtnLT6PZfmH2;2F_SzL9qRKeIzJ2GlbgriA;J4K_TM;\N;11;6;2244;47288;3813,13845,19862,28058,37574,41478,46188,47288;0;2025-04-02 18:26:42
jWPhzLJGafQDPSoXtnLT6PZfmH2;lQakLAayTRiyDxvH0CKvEg;Killian_.;\N;12;6;2228;47544;3774,13851,19823,28072,37839,41728,46395,47544;0;2025-04-02 18:26:42
jWPhzLJGafQDPSoXtnLT6PZfmH2;2DYnpCx8S-mWnBq0Hy95-g;Kurisu-tina_;\N;13;6;2216;47304;3763,13692,19697,27695,37784,41547,46232,47304;0;2025-04-02 18:26:42
jWPhzLJGafQDPSoXtnLT6PZfmH2;V_vWwMxbQqO0GgDYtK3zTg;KNACKII-U.U-;\N;14;6;2191;47645;3828,13862,20043,28418,38197,41893,46508,47645;0;2025-04-02 18:26:42
jWPhzLJGafQDPSoXtnLT6PZfmH2;eUoobETZQnaDzkMcunurdA;Marius89..;\N;15;6;2183;48308;3888,13937,19973,28265,38662,42502,47198,48308;0;2025-04-02 18:26:42
jWPhzLJGafQDPSoXtnLT6PZfmH2;N9Gp-WAKQWWEBi0AG63oGQ;Yann.TM;\N;16;6;2182;51532;3779,13795,19831,28235,41163,45244,50312,51532;0;2025-04-02 18:26:42
jWPhzLJGafQDPSoXtnLT6PZfmH2;duzYCzPgSsCSPOosBZJu6w;Liffey.;\N;17;6;2150;47690;3744,13791,19801,28065,37989,41952,46572,47690;0;2025-04-02 18:26:42
jWPhzLJGafQDPSoXtnLT6PZfmH2;o5CwDJbNTdu_4Dc67_rg2w;JUT.Harry;\N;18;6;2134;48526;3779,13998,20044,28652,38393,42450,47312,48526;0;2025-04-02 18:26:42
jWPhzLJGafQDPSoXtnLT6PZfmH2;FlcTcBmzRJ-c4Lxp-Mz3ZQ;DrShnizzle;\N;19;6;2126;48632;4024,14878,21083,29165,38999,42915,47555,48632;0;2025-04-02 18:26:42
jWPhzLJGafQDPSoXtnLT6PZfmH2;t5IlapErRhyfjWYqBAoVzg;Karlukki;\N;20;6;2098;48944;3799,13758,19762,29138,39332,43261,47872,48944;0;2025-04-02 18:26:42
jWPhzLJGafQDPSoXtnLT6PZfmH2;0plnfcI8TUSBPRmcgQbI-w;OwlEye;\N;21;6;2057;49274;3859,14075,20754,29475,39404,43398,48092,49274;0;2025-04-02 18:26:42
jWPhzLJGafQDPSoXtnLT6PZfmH2;uJ6DaJRbRX6riNklD3XqvQ;CatBagasm;\N;22;6;1982;53740;3784,14492,20692,28988,43961,47944,52605,53740;0;2025-04-02 18:26:42
jWPhzLJGafQDPSoXtnLT6PZfmH2;sysKs8ExTw2GkZg8_Q_CZg;Mericle_;\N;23;6;1936;48811;3854,13818,19962,28838,38762,42713,47662,48811;0;2025-04-02 18:26:42
jWPhzLJGafQDPSoXtnLT6PZfmH2;19yViem4SO-1U9RfgLBjIQ;Ban_Mr_Greedy;\N;24;6;1813;51361;3924,14311,20869,29272,39807,43712,49019,51361;0;2025-04-02 18:26:42
jWPhzLJGafQDPSoXtnLT6PZfmH2;qmZlwJ84TIWLyZtTG0kL1g;DingDingDingTM;\N;25;6;1782;50175;3794,14814,21215,29855,40187,44177,49015,50175;0;2025-04-02 18:26:42
jWPhzLJGafQDPSoXtnLT6PZfmH2;3q2MNAJISh6g6O2zCeJ2NA;LeftIsFaster;\N;26;6;1766;49424;3879,14298,20512,28838,39448,43307,48142,49424;0;2025-04-02 18:26:42
jWPhzLJGafQDPSoXtnLT6PZfmH2;LNQuQmpvTRGxqjRXrgMM_Q;Titan_3X;\N;27;6;1726;49546;3853,14102,20296,28962,39453,43191,48265,49546;0;2025-04-02 18:26:42
jWPhzLJGafQDPSoXtnLT6PZfmH2;3QiPnsyzSV-E7OrXhNTZ2A;FighterDE;\N;28;6;1724;48835;3858,13925,20231,28825,38993,42742,47572,48835;0;2025-04-02 18:26:42
jWPhzLJGafQDPSoXtnLT6PZfmH2;MPvgbR3LT3mw8O7H3iSDVg;Shantiyay;\N;29;6;1721;49469;3779,13884,19999,28415,38654,42738,47967,49469;0;2025-04-02 18:26:42
jWPhzLJGafQDPSoXtnLT6PZfmH2;9Xjt5MYTR1eviSh3mFc1xA;Retoxi;\N;30;6;1715;50028;3864,14388,20471,29829,40393,44254,48922,50028;0;2025-04-02 18:26:42
jWPhzLJGafQDPSoXtnLT6PZfmH2;g99d814yQPOLAAPgV3vISw;Tundil897;\N;31;6;1712;60689;3827,14038,20521,35378,50118,54187,59334,60689;0;2025-04-02 18:26:42
jWPhzLJGafQDPSoXtnLT6PZfmH2;L1y4StxhS0aUGfP_OCoe1Q;xGuull;\N;32;6;1694;-1;;0;2025-04-02 18:26:42
jWPhzLJGafQDPSoXtnLT6PZfmH2;XoQlszEDTTGx8uQ7mek_vw;Phosphorescentt;\N;33;6;1590;48479;3833,14095,20192,28638,38538,42458,47272,48479;0;2025-04-02 18:26:42
jWPhzLJGafQDPSoXtnLT6PZfmH2;Z4Dl1Gb9QiS_EwV-Mtet5w;HUGH_JAN0S;\N;34;6;1572;48782;3779,14018,19999,28875,39032,42850,47615,48782;0;2025-04-02 18:26:42
jWPhzLJGafQDPSoXtnLT6PZfmH2;U-X3mdQhTbSIaKDTp3QAYw;Funkerberg;\N;35;6;1368;70079;3859,24822,32517,40792,51114,55418,60888,70079;0;2025-04-02 18:26:42
jWPhzLJGafQDPSoXtnLT6PZfmH2;UcES0KWiTB6NUFJBFp6qFw;singerous.;\N;36;6;845;-1;;0;2025-04-02 18:26:42
jWPhzLJGafQDPSoXtnLT6PZfmH2;QqaYuX9ZQQSoQmPHFIjWGQ;Brind;\N;37;6;840;-1;;0;2025-04-02 18:26:42
jWPhzLJGafQDPSoXtnLT6PZfmH2;hPCnBeJkTt2wVPBrJhJxVg;romac20;\N;38;6;276;-1;;0;2025-04-02 18:26:42
jWPhzLJGafQDPSoXtnLT6PZfmH2;YPIkOExNRMu3m46eFVqAEg;WeLoveDrumABass;\N;39;6;0;-1;;0;2025-04-02 18:26:42
jWPhzLJGafQDPSoXtnLT6PZfmH2;F4aNYLSUS4iB3_Td_a4c8Q;Evo.Chris92;\N;40;6;0;-1;;0;2025-04-02 18:26:42
jWPhzLJGafQDPSoXtnLT6PZfmH2;DE3yRs0pQJ-KfDJyFNeazQ;Evo.Palli;\N;41;6;0;-1;;0;2025-04-02 18:26:42
jWPhzLJGafQDPSoXtnLT6PZfmH2;WG1bAmRCQ06uBGW0OSg-bw;HavoccTM;\N;42;6;0;-1;;0;2025-04-02 18:26:42
jWPhzLJGafQDPSoXtnLT6PZfmH2;i4AUjXKnRfuGuHMOaXLP7w;Linden.CC;\N;43;6;0;-1;;0;2025-04-02 18:26:42
jWPhzLJGafQDPSoXtnLT6PZfmH2;NGcBSsHMSq6Z_mvrXsojKg;Mr.Joermungandr;\N;44;6;0;-1;;0;2025-04-02 18:26:42
jWPhzLJGafQDPSoXtnLT6PZfmH2;NTJ0Oob6RhWjQ9D6eGe7WQ;NLBS_;\N;45;6;0;-1;;0;2025-04-02 18:26:42
jWPhzLJGafQDPSoXtnLT6PZfmH2;XtO-pzE0RImUsH-NWjuvQA;knutwest;\N;46;6;0;-1;;0;2025-04-02 18:26:42
jWPhzLJGafQDPSoXtnLT6PZfmH2;sHPPSXb4TRuN50yggB_hIg;xkoshy;\N;47;6;0;-1;;0;2025-04-02 18:26:42
jWPhzLJGafQDPSoXtnLT6PZfmH2;1aAj3epZQO-UAXt43rQoHA;zelibumba;\N;48;6;0;-1;;0;2025-04-02 18:26:42
jWPhzLJGafQDPSoXtnLT6PZfmH2;cncibHERSXeVpllZONllTA;Rh3torique;\N;1;7;3248;46587;3789,13742,19659,27635,37259,40982,45528,46587;0;2025-04-02 18:28:02
jWPhzLJGafQDPSoXtnLT6PZfmH2;JvRadosZS-SZUPngNn5IYA;Venn.jpg;\N;2;7;3109;46628;3773,13748,19786,27732,37227,40946,45548,46628;0;2025-04-02 18:28:02
jWPhzLJGafQDPSoXtnLT6PZfmH2;-PfCgIQZRy6TKWQ2_j0Eww;NuPrime_TM;\N;3;7;3063;47428;3819,13757,19714,28118,37927,41663,46318,47428;0;2025-04-02 18:28:02
jWPhzLJGafQDPSoXtnLT6PZfmH2;yRigbMYiSeS2a2vLZIjbTA;InfernoTM.;\N;4;7;2937;47302;3778,13782,19743,27705,37742,41662,46228,47302;0;2025-04-02 18:28:02
jWPhzLJGafQDPSoXtnLT6PZfmH2;Hp6vj6FuTHiHS7xyeZYVmg;Javas..;\N;5;7;2934;47275;3773,13794,19902,27861,37374,41165,46138,47275;0;2025-04-02 18:28:02
jWPhzLJGafQDPSoXtnLT6PZfmH2;mJZx-6H9S6uOl96QKAnZcQ;Bimy..;\N;6;7;2793;48817;3779,14922,21019,29292,39253,43048,47745,48817;0;2025-04-02 18:28:02
jWPhzLJGafQDPSoXtnLT6PZfmH2;LASf-NPUSm2VlWOV6W3ybA;mshk_frede;\N;7;7;2778;47042;3763,13705,19736,27905,37532,41352,45932,47042;0;2025-04-02 18:28:02
jWPhzLJGafQDPSoXtnLT6PZfmH2;P5wa0Zj4TGmG2AyT6hi5wg;SparkTheYoofer;\N;8;7;2644;47793;3754,13841,19879,28145,38238,42084,46735,47793;0;2025-04-02 18:28:02
jWPhzLJGafQDPSoXtnLT6PZfmH2;2DYnpCx8S-mWnBq0Hy95-g;Kurisu-tina_;\N;9;7;2636;47397;3728,13808,19813,28262,38072,41778,46325,47397;0;2025-04-02 18:28:02
jWPhzLJGafQDPSoXtnLT6PZfmH2;Vq5ZN29fS_mQx8OZSIbdnA;indiedriver;\N;10;7;2631;47915;3774,13992,20121,28282,38452,42228,46805,47915;0;2025-04-02 18:28:02
jWPhzLJGafQDPSoXtnLT6PZfmH2;jBT0kLm1RLOrAaPEk38wAA;miles.TM;\N;11;7;2623;47704;3809,13778,19717,28002,37713,41984,46605,47704;0;2025-04-02 18:28:02
jWPhzLJGafQDPSoXtnLT6PZfmH2;lQakLAayTRiyDxvH0CKvEg;Killian_.;\N;12;7;2618;47587;3793,13804,19749,28155,38024,41877,46475,47587;0;2025-04-02 18:28:02
jWPhzLJGafQDPSoXtnLT6PZfmH2;V_vWwMxbQqO0GgDYtK3zTg;KNACKII-U.U-;\N;13;7;2572;47624;3803,13838,19906,28288,38272,42048,46538,47624;0;2025-04-02 18:28:02
jWPhzLJGafQDPSoXtnLT6PZfmH2;2F_SzL9qRKeIzJ2GlbgriA;J4K_TM;\N;14;7;2566;48739;3809,14074,20249,29092,38987,42774,47552,48739;0;2025-04-02 18:28:02
jWPhzLJGafQDPSoXtnLT6PZfmH2;duzYCzPgSsCSPOosBZJu6w;Liffey.;\N;15;7;2559;47405;3789,13818,19861,28032,37772,41707,46292,47405;0;2025-04-02 18:28:02
jWPhzLJGafQDPSoXtnLT6PZfmH2;eUoobETZQnaDzkMcunurdA;Marius89..;\N;16;7;2541;47890;3784,14118,20060,28158,38083,41815,46718,47890;0;2025-04-02 18:28:02
jWPhzLJGafQDPSoXtnLT6PZfmH2;N9Gp-WAKQWWEBi0AG63oGQ;Yann.TM;\N;17;7;2476;50550;3794,13842,19768,27922,40984,44837,49458,50550;0;2025-04-02 18:28:02
jWPhzLJGafQDPSoXtnLT6PZfmH2;o5CwDJbNTdu_4Dc67_rg2w;JUT.Harry;\N;18;7;2472;48042;3787,13962,19953,28435,38172,42060,46858,48042;0;2025-04-02 18:28:02
jWPhzLJGafQDPSoXtnLT6PZfmH2;FlcTcBmzRJ-c4Lxp-Mz3ZQ;DrShnizzle;\N;19;7;2423;49928;3829,13935,20027,28565,38578,42483,47839,49928;0;2025-04-02 18:28:02
jWPhzLJGafQDPSoXtnLT6PZfmH2;0plnfcI8TUSBPRmcgQbI-w;OwlEye;\N;20;7;2384;48594;3839,13817,19837,28218,38106,41851,47199,48594;0;2025-04-02 18:28:02
jWPhzLJGafQDPSoXtnLT6PZfmH2;t5IlapErRhyfjWYqBAoVzg;Karlukki;\N;21;7;2380;54758;3828,21461,27417,35588,45332,49020,53582,54758;0;2025-04-02 18:28:02
jWPhzLJGafQDPSoXtnLT6PZfmH2;sysKs8ExTw2GkZg8_Q_CZg;Mericle_;\N;22;7;2367;47324;3843,13792,19947,28058,37898,41582,46178,47324;0;2025-04-02 18:28:02
jWPhzLJGafQDPSoXtnLT6PZfmH2;uJ6DaJRbRX6riNklD3XqvQ;CatBagasm;\N;23;7;2326;47992;3813,13875,19807,28252,38287,42182,46855,47992;0;2025-04-02 18:28:02
jWPhzLJGafQDPSoXtnLT6PZfmH2;qmZlwJ84TIWLyZtTG0kL1g;DingDingDingTM;\N;24;7;2099;48756;3844,13912,19944,28308,38567,42437,47545,48756;0;2025-04-02 18:28:02
jWPhzLJGafQDPSoXtnLT6PZfmH2;19yViem4SO-1U9RfgLBjIQ;Ban_Mr_Greedy;\N;25;7;2091;58151;3883,13957,19971,28252,38028,42062,47509,58151;0;2025-04-02 18:28:02
jWPhzLJGafQDPSoXtnLT6PZfmH2;3q2MNAJISh6g6O2zCeJ2NA;LeftIsFaster;\N;26;7;2066;49169;3868,13952,20130,28515,39166,43043,47948,49169;0;2025-04-02 18:28:02
jWPhzLJGafQDPSoXtnLT6PZfmH2;MPvgbR3LT3mw8O7H3iSDVg;Shantiyay;\N;27;7;2025;49129;3784,14048,20127,28748,39094,42971,47908,49129;0;2025-04-02 18:28:02
jWPhzLJGafQDPSoXtnLT6PZfmH2;LNQuQmpvTRGxqjRXrgMM_Q;Titan_3X;\N;28;7;2014;51259;3849,14995,21671,30195,41332,45098,50002,51259;0;2025-04-02 18:28:02
jWPhzLJGafQDPSoXtnLT6PZfmH2;g99d814yQPOLAAPgV3vISw;Tundil897;\N;29;7;2003;51148;3858,14144,20653,29312,40363,44568,49793,51148;0;2025-04-02 18:28:02
jWPhzLJGafQDPSoXtnLT6PZfmH2;9Xjt5MYTR1eviSh3mFc1xA;Retoxi;\N;30;7;1991;64221;3943,20974,27160,35868,50328,54625,59488,64221;0;2025-04-02 18:28:02
jWPhzLJGafQDPSoXtnLT6PZfmH2;Z4Dl1Gb9QiS_EwV-Mtet5w;HUGH_JAN0S;\N;31;7;1904;48401;3753,13875,19949,28335,38458,42290,47262,48401;0;2025-04-02 18:28:02
jWPhzLJGafQDPSoXtnLT6PZfmH2;XoQlszEDTTGx8uQ7mek_vw;Phosphorescentt;\N;32;7;1898;49035;3808,14291,20431,28965,39143,43157,47902,49035;0;2025-04-02 18:28:02
jWPhzLJGafQDPSoXtnLT6PZfmH2;3QiPnsyzSV-E7OrXhNTZ2A;FighterDE;\N;33;7;1724;-1;;0;2025-04-02 18:28:02
jWPhzLJGafQDPSoXtnLT6PZfmH2;L1y4StxhS0aUGfP_OCoe1Q;xGuull;\N;34;7;1694;-1;;0;2025-04-02 18:28:02
jWPhzLJGafQDPSoXtnLT6PZfmH2;U-X3mdQhTbSIaKDTp3QAYw;Funkerberg;\N;35;7;1653;52522;3794,16062,22535,31132,42433,46470,51305,52522;0;2025-04-02 18:28:02
jWPhzLJGafQDPSoXtnLT6PZfmH2;UcES0KWiTB6NUFJBFp6qFw;singerous.;\N;36;7;845;-1;;0;2025-04-02 18:28:02
jWPhzLJGafQDPSoXtnLT6PZfmH2;QqaYuX9ZQQSoQmPHFIjWGQ;Brind;\N;37;7;840;-1;;0;2025-04-02 18:28:02
jWPhzLJGafQDPSoXtnLT6PZfmH2;YPIkOExNRMu3m46eFVqAEg;WeLoveDrumABass;\N;38;7;280;55249;3847,17023,23545,33064,44126,48488,53768,55249;0;2025-04-02 18:28:02
jWPhzLJGafQDPSoXtnLT6PZfmH2;hPCnBeJkTt2wVPBrJhJxVg;romac20;\N;39;7;276;-1;;0;2025-04-02 18:28:02
jWPhzLJGafQDPSoXtnLT6PZfmH2;F4aNYLSUS4iB3_Td_a4c8Q;Evo.Chris92;\N;40;7;0;-1;;0;2025-04-02 18:28:02
jWPhzLJGafQDPSoXtnLT6PZfmH2;DE3yRs0pQJ-KfDJyFNeazQ;Evo.Palli;\N;41;7;0;-1;;0;2025-04-02 18:28:02
jWPhzLJGafQDPSoXtnLT6PZfmH2;WG1bAmRCQ06uBGW0OSg-bw;HavoccTM;\N;42;7;0;-1;;0;2025-04-02 18:28:02
jWPhzLJGafQDPSoXtnLT6PZfmH2;i4AUjXKnRfuGuHMOaXLP7w;Linden.CC;\N;43;7;0;-1;;0;2025-04-02 18:28:02
jWPhzLJGafQDPSoXtnLT6PZfmH2;NGcBSsHMSq6Z_mvrXsojKg;Mr.Joermungandr;\N;44;7;0;-1;;0;2025-04-02 18:28:02
jWPhzLJGafQDPSoXtnLT6PZfmH2;NTJ0Oob6RhWjQ9D6eGe7WQ;NLBS_;\N;45;7;0;-1;;0;2025-04-02 18:28:02
jWPhzLJGafQDPSoXtnLT6PZfmH2;XtO-pzE0RImUsH-NWjuvQA;knutwest;\N;46;7;0;-1;;0;2025-04-02 18:28:02
jWPhzLJGafQDPSoXtnLT6PZfmH2;sHPPSXb4TRuN50yggB_hIg;xkoshy;\N;47;7;0;-1;;0;2025-04-02 18:28:02
jWPhzLJGafQDPSoXtnLT6PZfmH2;1aAj3epZQO-UAXt43rQoHA;zelibumba;\N;48;7;0;-1;;0;2025-04-02 18:28:02
jWPhzLJGafQDPSoXtnLT6PZfmH2;cncibHERSXeVpllZONllTA;Rh3torique;\N;1;8;3703;47427;3789,13744,19773,28228,38097,41818,46372,47427;0;2025-04-02 18:29:22
jWPhzLJGafQDPSoXtnLT6PZfmH2;yRigbMYiSeS2a2vLZIjbTA;InfernoTM.;\N;2;8;3437;46825;3793,13744,19654,28032,37552,41275,45785,46825;0;2025-04-02 18:29:22
jWPhzLJGafQDPSoXtnLT6PZfmH2;-PfCgIQZRy6TKWQ2_j0Eww;NuPrime_TM;\N;3;8;3421;48244;3784,13811,19821,28628,38783,42547,47158,48244;0;2025-04-02 18:29:22
jWPhzLJGafQDPSoXtnLT6PZfmH2;JvRadosZS-SZUPngNn5IYA;Venn.jpg;\N;4;8;3397;54102;3753,20772,26778,34698,44678,48493,53032,54102;0;2025-04-02 18:29:22
jWPhzLJGafQDPSoXtnLT6PZfmH2;Hp6vj6FuTHiHS7xyeZYVmg;Javas..;\N;5;8;3333;47638;3767,13868,20055,28412,37972,41828,46518,47638;0;2025-04-02 18:29:22
jWPhzLJGafQDPSoXtnLT6PZfmH2;mJZx-6H9S6uOl96QKAnZcQ;Bimy..;\N;6;8;3202;47617;3763,13824,19887,28242,37953,41751,46528,47617;0;2025-04-02 18:29:22
jWPhzLJGafQDPSoXtnLT6PZfmH2;jBT0kLm1RLOrAaPEk38wAA;miles.TM;\N;7;8;3093;47364;3823,13832,19773,27892,37913,41718,46288,47364;0;2025-04-02 18:29:22
jWPhzLJGafQDPSoXtnLT6PZfmH2;LASf-NPUSm2VlWOV6W3ybA;mshk_frede;\N;8;8;3075;49821;3743,14683,20721,29662,39632,43351,48467,49821;0;2025-04-02 18:29:22
jWPhzLJGafQDPSoXtnLT6PZfmH2;2DYnpCx8S-mWnBq0Hy95-g;Kurisu-tina_;\N;9;8;3056;47605;3753,13721,19683,27778,37568,41684,46505,47605;0;2025-04-02 18:29:22
jWPhzLJGafQDPSoXtnLT6PZfmH2;2F_SzL9qRKeIzJ2GlbgriA;J4K_TM;\N;10;8;3051;47240;3803,13945,19891,27978,37684,41510,46158,47240;0;2025-04-02 18:29:22
jWPhzLJGafQDPSoXtnLT6PZfmH2;Vq5ZN29fS_mQx8OZSIbdnA;indiedriver;\N;11;8;3004;47973;3753,13848,20042,28428,38513,42268,46868,47973;0;2025-04-02 18:29:22
jWPhzLJGafQDPSoXtnLT6PZfmH2;eUoobETZQnaDzkMcunurdA;Marius89..;\N;12;8;2972;47541;3819,13955,20042,28168,37961,41770,46418,47541;0;2025-04-02 18:29:22
jWPhzLJGafQDPSoXtnLT6PZfmH2;lQakLAayTRiyDxvH0CKvEg;Killian_.;\N;13;8;2969;48295;3774,13963,20393,28802,38562,42565,47195,48295;0;2025-04-02 18:29:22
jWPhzLJGafQDPSoXtnLT6PZfmH2;P5wa0Zj4TGmG2AyT6hi5wg;SparkTheYoofer;\N;14;8;2966;48971;3753,14060,20579,29395,39451,43292,47898,48971;0;2025-04-02 18:29:22
jWPhzLJGafQDPSoXtnLT6PZfmH2;duzYCzPgSsCSPOosBZJu6w;Liffey.;\N;15;8;2924;48045;3788,13785,19889,28025,38473,42194,46905,48045;0;2025-04-02 18:29:22
jWPhzLJGafQDPSoXtnLT6PZfmH2;N9Gp-WAKQWWEBi0AG63oGQ;Yann.TM;\N;16;8;2919;47476;3803,13881,19896,28188,38028,41860,46395,47476;0;2025-04-02 18:29:22
jWPhzLJGafQDPSoXtnLT6PZfmH2;V_vWwMxbQqO0GgDYtK3zTg;KNACKII-U.U-;\N;17;8;2904;48713;3819,13894,20048,29008,39274,43087,47622,48713;0;2025-04-02 18:29:22
jWPhzLJGafQDPSoXtnLT6PZfmH2;o5CwDJbNTdu_4Dc67_rg2w;JUT.Harry;\N;18;8;2853;47922;3813,13948,19919,28342,37936,41921,46745,47922;0;2025-04-02 18:29:22
jWPhzLJGafQDPSoXtnLT6PZfmH2;t5IlapErRhyfjWYqBAoVzg;Karlukki;\N;19;8;2770;47900;3829,13875,19838,28242,38384,42120,46802,47900;0;2025-04-02 18:29:22
jWPhzLJGafQDPSoXtnLT6PZfmH2;0plnfcI8TUSBPRmcgQbI-w;OwlEye;\N;20;8;2728;48358;3819,13705,19642,28308,38442,42420,47198,48358;0;2025-04-02 18:29:22
jWPhzLJGafQDPSoXtnLT6PZfmH2;FlcTcBmzRJ-c4Lxp-Mz3ZQ;DrShnizzle;\N;21;8;2717;50573;3874,14155,22509,31048,41063,44760,49448,50573;0;2025-04-02 18:29:22
jWPhzLJGafQDPSoXtnLT6PZfmH2;uJ6DaJRbRX6riNklD3XqvQ;CatBagasm;\N;22;8;2664;48459;3779,13914,19919,28698,38762,42727,47338,48459;0;2025-04-02 18:29:22
jWPhzLJGafQDPSoXtnLT6PZfmH2;sysKs8ExTw2GkZg8_Q_CZg;Mericle_;\N;23;8;2658;53428;3848,14511,21018,29598,43501,47631,52315,53428;0;2025-04-02 18:29:22
jWPhzLJGafQDPSoXtnLT6PZfmH2;qmZlwJ84TIWLyZtTG0kL1g;DingDingDingTM;\N;24;8;2399;49704;3869,14097,20250,28735,39087,43254,48425,49704;0;2025-04-02 18:29:22
jWPhzLJGafQDPSoXtnLT6PZfmH2;3q2MNAJISh6g6O2zCeJ2NA;LeftIsFaster;\N;25;8;2383;49041;3904,14088,20142,28422,39002,42837,47858,49041;0;2025-04-02 18:29:22
jWPhzLJGafQDPSoXtnLT6PZfmH2;19yViem4SO-1U9RfgLBjIQ;Ban_Mr_Greedy;\N;26;8;2376;54781;3904,14454,21186,29432,39850,44017,49374,54781;0;2025-04-02 18:29:22
jWPhzLJGafQDPSoXtnLT6PZfmH2;g99d814yQPOLAAPgV3vISw;Tundil897;\N;27;8;2315;49219;3824,13987,20493,28855,38784,42827,47925,49219;0;2025-04-02 18:29:22
jWPhzLJGafQDPSoXtnLT6PZfmH2;MPvgbR3LT3mw8O7H3iSDVg;Shantiyay;\N;28;8;2305;60238;3804,14308,20612,29062,50043,54074,58982,60238;0;2025-04-02 18:29:22
jWPhzLJGafQDPSoXtnLT6PZfmH2;LNQuQmpvTRGxqjRXrgMM_Q;Titan_3X;\N;29;8;2296;55342;3798,14445,21070,30218,40672,48870,54065,55342;0;2025-04-02 18:29:22
jWPhzLJGafQDPSoXtnLT6PZfmH2;9Xjt5MYTR1eviSh3mFc1xA;Retoxi;\N;30;8;2295;49524;3908,14309,20808,29072,39399,43448,48318,49524;0;2025-04-02 18:29:22
jWPhzLJGafQDPSoXtnLT6PZfmH2;XoQlszEDTTGx8uQ7mek_vw;Phosphorescentt;\N;31;8;2225;48727;3813,14275,20543,28875,38944,42852,47595,48727;0;2025-04-02 18:29:22
jWPhzLJGafQDPSoXtnLT6PZfmH2;Z4Dl1Gb9QiS_EwV-Mtet5w;HUGH_JAN0S;\N;32;8;2212;49484;3802,13842,19964,29188,39598,43525,48298,49484;0;2025-04-02 18:29:22
jWPhzLJGafQDPSoXtnLT6PZfmH2;3QiPnsyzSV-E7OrXhNTZ2A;FighterDE;\N;33;8;1724;-1;;0;2025-04-02 18:29:22
jWPhzLJGafQDPSoXtnLT6PZfmH2;L1y4StxhS0aUGfP_OCoe1Q;xGuull;\N;34;8;1694;-1;;0;2025-04-02 18:29:22
jWPhzLJGafQDPSoXtnLT6PZfmH2;U-X3mdQhTbSIaKDTp3QAYw;Funkerberg;\N;35;8;1653;-1;;0;2025-04-02 18:29:22
jWPhzLJGafQDPSoXtnLT6PZfmH2;UcES0KWiTB6NUFJBFp6qFw;singerous.;\N;36;8;845;-1;;0;2025-04-02 18:29:22
jWPhzLJGafQDPSoXtnLT6PZfmH2;QqaYuX9ZQQSoQmPHFIjWGQ;Brind;\N;37;8;840;-1;;0;2025-04-02 18:29:22
jWPhzLJGafQDPSoXtnLT6PZfmH2;YPIkOExNRMu3m46eFVqAEg;WeLoveDrumABass;\N;38;8;558;71669;3794,14925,21365,29942,51066,55518,66889,71669;0;2025-04-02 18:29:22
jWPhzLJGafQDPSoXtnLT6PZfmH2;hPCnBeJkTt2wVPBrJhJxVg;romac20;\N;39;8;276;-1;;0;2025-04-02 18:29:22
jWPhzLJGafQDPSoXtnLT6PZfmH2;F4aNYLSUS4iB3_Td_a4c8Q;Evo.Chris92;\N;40;8;0;-1;;0;2025-04-02 18:29:22
jWPhzLJGafQDPSoXtnLT6PZfmH2;DE3yRs0pQJ-KfDJyFNeazQ;Evo.Palli;\N;41;8;0;-1;;0;2025-04-02 18:29:22
jWPhzLJGafQDPSoXtnLT6PZfmH2;WG1bAmRCQ06uBGW0OSg-bw;HavoccTM;\N;42;8;0;-1;;0;2025-04-02 18:29:22
jWPhzLJGafQDPSoXtnLT6PZfmH2;i4AUjXKnRfuGuHMOaXLP7w;Linden.CC;\N;43;8;0;-1;;0;2025-04-02 18:29:22
jWPhzLJGafQDPSoXtnLT6PZfmH2;NGcBSsHMSq6Z_mvrXsojKg;Mr.Joermungandr;\N;44;8;0;-1;;0;2025-04-02 18:29:22
jWPhzLJGafQDPSoXtnLT6PZfmH2;NTJ0Oob6RhWjQ9D6eGe7WQ;NLBS_;\N;45;8;0;-1;;0;2025-04-02 18:29:22
jWPhzLJGafQDPSoXtnLT6PZfmH2;XtO-pzE0RImUsH-NWjuvQA;knutwest;\N;46;8;0;-1;;0;2025-04-02 18:29:22
jWPhzLJGafQDPSoXtnLT6PZfmH2;cVkbC0eGRqKbC8FfZMxbGg;pyr0man1acTM;\N;47;8;0;-1;;0;2025-04-02 18:29:22
jWPhzLJGafQDPSoXtnLT6PZfmH2;sHPPSXb4TRuN50yggB_hIg;xkoshy;\N;48;8;0;-1;;0;2025-04-02 18:29:22
jWPhzLJGafQDPSoXtnLT6PZfmH2;1aAj3epZQO-UAXt43rQoHA;zelibumba;\N;49;8;0;-1;;0;2025-04-02 18:29:22
jWPhzLJGafQDPSoXtnLT6PZfmH2;cncibHERSXeVpllZONllTA;Rh3torique;\N;1;9;4203;46935;3744,13742,19706,27732,37583,41365,45862,46935;0;2025-04-02 18:30:56
jWPhzLJGafQDPSoXtnLT6PZfmH2;yRigbMYiSeS2a2vLZIjbTA;InfernoTM.;\N;2;9;3922;47014;3783,13724,19628,27642,37662,41478,45968,47014;0;2025-04-02 18:30:56
jWPhzLJGafQDPSoXtnLT6PZfmH2;-PfCgIQZRy6TKWQ2_j0Eww;NuPrime_TM;\N;3;9;3891;47162;3783,13972,19953,28105,37728,41478,46072,47162;0;2025-04-02 18:30:56
jWPhzLJGafQDPSoXtnLT6PZfmH2;JvRadosZS-SZUPngNn5IYA;Venn.jpg;\N;4;9;3840;47257;3809,13941,19878,27968,37691,41673,46185,47257;0;2025-04-02 18:30:56
jWPhzLJGafQDPSoXtnLT6PZfmH2;Hp6vj6FuTHiHS7xyeZYVmg;Javas..;\N;5;9;3764;47418;3754,13854,19954,28008,37706,41517,46308,47418;0;2025-04-02 18:30:56
jWPhzLJGafQDPSoXtnLT6PZfmH2;mJZx-6H9S6uOl96QKAnZcQ;Bimy..;\N;6;9;3553;48248;3773,14243,20701,28762,38794,42568,47162,48248;0;2025-04-02 18:30:56
jWPhzLJGafQDPSoXtnLT6PZfmH2;2DYnpCx8S-mWnBq0Hy95-g;Kurisu-tina_;\N;7;9;3511;47232;3769,13794,19964,28085,37866,41524,46175,47232;0;2025-04-02 18:30:56
jWPhzLJGafQDPSoXtnLT6PZfmH2;jBT0kLm1RLOrAaPEk38wAA;miles.TM;\N;8;9;3458;47878;3834,13798,19803,28438,38304,42230,46768,47878;0;2025-04-02 18:30:56
jWPhzLJGafQDPSoXtnLT6PZfmH2;2F_SzL9qRKeIzJ2GlbgriA;J4K_TM;\N;9;9;3450;47627;3797,13781,19751,28518,38021,41778,46518,47627;0;2025-04-02 18:30:56
jWPhzLJGafQDPSoXtnLT6PZfmH2;Vq5ZN29fS_mQx8OZSIbdnA;indiedriver;\N;10;9;3413;47512;3768,13781,19753,27788,37732,41805,46438,47512;0;2025-04-02 18:30:56
jWPhzLJGafQDPSoXtnLT6PZfmH2;LASf-NPUSm2VlWOV6W3ybA;mshk_frede;\N;11;9;3366;54682;3729,13798,19807,28015,45018,48827,53592,54682;0;2025-04-02 18:30:56
jWPhzLJGafQDPSoXtnLT6PZfmH2;lQakLAayTRiyDxvH0CKvEg;Killian_.;\N;12;9;3350;47825;3764,14040,20173,28735,38286,42178,46725,47825;0;2025-04-02 18:30:56
jWPhzLJGafQDPSoXtnLT6PZfmH2;eUoobETZQnaDzkMcunurdA;Marius89..;\N;13;9;3345;47840;3809,13901,19953,28045,38294,42113,46738,47840;0;2025-04-02 18:30:56
jWPhzLJGafQDPSoXtnLT6PZfmH2;N9Gp-WAKQWWEBi0AG63oGQ;Yann.TM;\N;14;9;3339;47474;3793,13852,19786,28318,38054,41874,46388,47474;0;2025-04-02 18:30:56
jWPhzLJGafQDPSoXtnLT6PZfmH2;duzYCzPgSsCSPOosBZJu6w;Liffey.;\N;15;9;3314;47755;3794,13801,19838,28062,38013,41674,46575,47755;0;2025-04-02 18:30:56
jWPhzLJGafQDPSoXtnLT6PZfmH2;P5wa0Zj4TGmG2AyT6hi5wg;SparkTheYoofer;\N;16;9;3288;49288;4064,15572,21583,30108,39922,43732,48238,49288;0;2025-04-02 18:30:56
jWPhzLJGafQDPSoXtnLT6PZfmH2;V_vWwMxbQqO0GgDYtK3zTg;KNACKII-U.U-;\N;17;9;3262;48162;3892,14045,20149,28468,38573,42327,47052,48162;0;2025-04-02 18:30:56
jWPhzLJGafQDPSoXtnLT6PZfmH2;o5CwDJbNTdu_4Dc67_rg2w;JUT.Harry;\N;18;9;3197;48282;3779,13825,19779,28195,38235,42208,47065,48282;0;2025-04-02 18:30:56
jWPhzLJGafQDPSoXtnLT6PZfmH2;t5IlapErRhyfjWYqBAoVzg;Karlukki;\N;19;9;3108;48441;3819,14003,20392,28808,38788,42553,47328,48441;0;2025-04-02 18:30:56
jWPhzLJGafQDPSoXtnLT6PZfmH2;FlcTcBmzRJ-c4Lxp-Mz3ZQ;DrShnizzle;\N;20;9;3044;48955;3828,13978,20087,28465,39209,43138,47848,48955;0;2025-04-02 18:30:56
jWPhzLJGafQDPSoXtnLT6PZfmH2;0plnfcI8TUSBPRmcgQbI-w;OwlEye;\N;21;9;3013;54964;3813,20938,26982,35422,45343,49130,53838,54964;0;2025-04-02 18:30:56
jWPhzLJGafQDPSoXtnLT6PZfmH2;sysKs8ExTw2GkZg8_Q_CZg;Mericle_;\N;22;9;2958;51435;3833,14041,20192,28412,41727,45768,50328,51435;0;2025-04-02 18:30:56
jWPhzLJGafQDPSoXtnLT6PZfmH2;uJ6DaJRbRX6riNklD3XqvQ;CatBagasm;\N;23;9;2958;53552;3787,18718,25434,33942,43873,47818,52408,53552;0;2025-04-02 18:30:56
jWPhzLJGafQDPSoXtnLT6PZfmH2;qmZlwJ84TIWLyZtTG0kL1g;DingDingDingTM;\N;24;9;2707;49831;3857,14808,21021,29618,39523,43545,48625,49831;0;2025-04-02 18:30:56
jWPhzLJGafQDPSoXtnLT6PZfmH2;3q2MNAJISh6g6O2zCeJ2NA;LeftIsFaster;\N;25;9;2700;49352;3828,14344,20704,29135,39677,43617,48288,49352;0;2025-04-02 18:30:56
jWPhzLJGafQDPSoXtnLT6PZfmH2;19yViem4SO-1U9RfgLBjIQ;Ban_Mr_Greedy;\N;26;9;2680;50905;3903,14043,20563,29385,40339,44666,49662,50905;0;2025-04-02 18:30:56
jWPhzLJGafQDPSoXtnLT6PZfmH2;g99d814yQPOLAAPgV3vISw;Tundil897;\N;27;9;2595;56623;3823,14341,20776,29994,46122,50182,55284,56623;0;2025-04-02 18:30:56
jWPhzLJGafQDPSoXtnLT6PZfmH2;9Xjt5MYTR1eviSh3mFc1xA;Retoxi;\N;28;9;2592;51478;3919,14288,20488,29248,41069,45355,50278,51478;0;2025-04-02 18:30:56
jWPhzLJGafQDPSoXtnLT6PZfmH2;MPvgbR3LT3mw8O7H3iSDVg;Shantiyay;\N;29;9;2583;58287;3784,14945,21196,29978,47987,51882,57025,58287;0;2025-04-02 18:30:56
jWPhzLJGafQDPSoXtnLT6PZfmH2;LNQuQmpvTRGxqjRXrgMM_Q;Titan_3X;\N;30;9;2578;55739;3809,14011,20172,29198,44353,48834,54283,55739;0;2025-04-02 18:30:56
jWPhzLJGafQDPSoXtnLT6PZfmH2;XoQlszEDTTGx8uQ7mek_vw;Phosphorescentt;\N;31;9;2557;48515;3784,13988,20062,28575,38772,42607,47362,48515;0;2025-04-02 18:30:56
jWPhzLJGafQDPSoXtnLT6PZfmH2;Z4Dl1Gb9QiS_EwV-Mtet5w;HUGH_JAN0S;\N;32;9;2500;54741;3802,14568,20848,29158,44783,48657,53588,54741;0;2025-04-02 18:30:56
jWPhzLJGafQDPSoXtnLT6PZfmH2;3QiPnsyzSV-E7OrXhNTZ2A;FighterDE;\N;33;9;2036;49409;3843,14012,20182,28892,39103,43048,48162,49409;0;2025-04-02 18:30:56
jWPhzLJGafQDPSoXtnLT6PZfmH2;U-X3mdQhTbSIaKDTp3QAYw;Funkerberg;\N;34;9;1929;58389;3853,14130,20757,29188,39512,43475,48794,58389;0;2025-04-02 18:30:56
jWPhzLJGafQDPSoXtnLT6PZfmH2;L1y4StxhS0aUGfP_OCoe1Q;xGuull;\N;35;9;1694;-1;;0;2025-04-02 18:30:56
jWPhzLJGafQDPSoXtnLT6PZfmH2;UcES0KWiTB6NUFJBFp6qFw;singerous.;\N;36;9;845;-1;;0;2025-04-02 18:30:56
jWPhzLJGafQDPSoXtnLT6PZfmH2;QqaYuX9ZQQSoQmPHFIjWGQ;Brind;\N;37;9;840;-1;;0;2025-04-02 18:30:56
jWPhzLJGafQDPSoXtnLT6PZfmH2;YPIkOExNRMu3m46eFVqAEg;WeLoveDrumABass;\N;38;9;832;66204;6214,19866,26424,35052,55387,59582,64708,66204;0;2025-04-02 18:30:56
jWPhzLJGafQDPSoXtnLT6PZfmH2;hPCnBeJkTt2wVPBrJhJxVg;romac20;\N;39;9;276;-1;;0;2025-04-02 18:30:56
jWPhzLJGafQDPSoXtnLT6PZfmH2;cVkbC0eGRqKbC8FfZMxbGg;pyr0man1acTM;\N;40;9;0;-1;;0;2025-04-02 18:30:56
jWPhzLJGafQDPSoXtnLT6PZfmH2;F4aNYLSUS4iB3_Td_a4c8Q;Evo.Chris92;\N;41;9;0;-1;;0;2025-04-02 18:30:56
jWPhzLJGafQDPSoXtnLT6PZfmH2;DE3yRs0pQJ-KfDJyFNeazQ;Evo.Palli;\N;42;9;0;-1;;0;2025-04-02 18:30:56
jWPhzLJGafQDPSoXtnLT6PZfmH2;WG1bAmRCQ06uBGW0OSg-bw;HavoccTM;\N;43;9;0;-1;;0;2025-04-02 18:30:56
jWPhzLJGafQDPSoXtnLT6PZfmH2;i4AUjXKnRfuGuHMOaXLP7w;Linden.CC;\N;44;9;0;-1;;0;2025-04-02 18:30:56
jWPhzLJGafQDPSoXtnLT6PZfmH2;NGcBSsHMSq6Z_mvrXsojKg;Mr.Joermungandr;\N;45;9;0;-1;;0;2025-04-02 18:30:56
jWPhzLJGafQDPSoXtnLT6PZfmH2;NTJ0Oob6RhWjQ9D6eGe7WQ;NLBS_;\N;46;9;0;-1;;0;2025-04-02 18:30:56
jWPhzLJGafQDPSoXtnLT6PZfmH2;XtO-pzE0RImUsH-NWjuvQA;knutwest;\N;47;9;0;-1;;0;2025-04-02 18:30:56
jWPhzLJGafQDPSoXtnLT6PZfmH2;sHPPSXb4TRuN50yggB_hIg;xkoshy;\N;48;9;0;-1;;0;2025-04-02 18:30:56
jWPhzLJGafQDPSoXtnLT6PZfmH2;1aAj3epZQO-UAXt43rQoHA;zelibumba;\N;49;9;0;-1;;0;2025-04-02 18:30:56
jWPhzLJGafQDPSoXtnLT6PZfmH2;cncibHERSXeVpllZONllTA;Rh3torique;\N;1;10;4658;46987;3779,13678,19603,27688,37613,41435,45915,46987;0;2025-04-02 18:32:09
jWPhzLJGafQDPSoXtnLT6PZfmH2;yRigbMYiSeS2a2vLZIjbTA;InfernoTM.;\N;2;10;4407;46698;3779,13778,19739,27732,37453,41091,45645,46698;0;2025-04-02 18:32:09
jWPhzLJGafQDPSoXtnLT6PZfmH2;JvRadosZS-SZUPngNn5IYA;Venn.jpg;\N;3;10;4340;46493;3798,13731,19675,27585,37168,40848,45422,46493;0;2025-04-02 18:32:09
jWPhzLJGafQDPSoXtnLT6PZfmH2;-PfCgIQZRy6TKWQ2_j0Eww;NuPrime_TM;\N;4;10;4311;47262;3798,13795,19788,27758,37888,41608,46208,47262;0;2025-04-02 18:32:09
jWPhzLJGafQDPSoXtnLT6PZfmH2;Hp6vj6FuTHiHS7xyeZYVmg;Javas..;\N;5;10;4096;48327;3778,13875,20004,28155,38704,42547,47245,48327;0;2025-04-02 18:32:09
jWPhzLJGafQDPSoXtnLT6PZfmH2;mJZx-6H9S6uOl96QKAnZcQ;Bimy..;\N;6;10;3962;47274;3784,13818,19847,27875,37742,41587,46205,47274;0;2025-04-02 18:32:09
jWPhzLJGafQDPSoXtnLT6PZfmH2;2F_SzL9qRKeIzJ2GlbgriA;J4K_TM;\N;7;10;3893;47086;3769,13807,19803,27782,37449,41295,45978,47086;0;2025-04-02 18:32:09
jWPhzLJGafQDPSoXtnLT6PZfmH2;2DYnpCx8S-mWnBq0Hy95-g;Kurisu-tina_;\N;8;10;3876;48008;3759,13981,20192,28825,38642,42320,46942,48008;0;2025-04-02 18:32:09
jWPhzLJGafQDPSoXtnLT6PZfmH2;N9Gp-WAKQWWEBi0AG63oGQ;Yann.TM;\N;9;10;3809;46974;3763,13771,19749,27832,37618,41380,45928,46974;0;2025-04-02 18:32:09
jWPhzLJGafQDPSoXtnLT6PZfmH2;Vq5ZN29fS_mQx8OZSIbdnA;indiedriver;\N;10;10;3803;47738;3774,14298,20492,28478,38244,42067,46665,47738;0;2025-04-02 18:32:09
jWPhzLJGafQDPSoXtnLT6PZfmH2;lQakLAayTRiyDxvH0CKvEg;Killian_.;\N;11;10;3781;47158;3768,13728,19688,27832,37668,41518,46075,47158;0;2025-04-02 18:32:09
jWPhzLJGafQDPSoXtnLT6PZfmH2;jBT0kLm1RLOrAaPEk38wAA;miles.TM;\N;12;10;3755;49715;3959,16211,22153,30325,40208,44038,48652,49715;0;2025-04-02 18:32:09
jWPhzLJGafQDPSoXtnLT6PZfmH2;eUoobETZQnaDzkMcunurdA;Marius89..;\N;13;10;3726;47860;3799,13975,20098,28298,38229,42078,46785,47860;0;2025-04-02 18:32:09
jWPhzLJGafQDPSoXtnLT6PZfmH2;duzYCzPgSsCSPOosBZJu6w;Liffey.;\N;14;10;3713;47642;3804,13762,19793,28252,38219,41954,46552,47642;0;2025-04-02 18:32:09
jWPhzLJGafQDPSoXtnLT6PZfmH2;LASf-NPUSm2VlWOV6W3ybA;mshk_frede;\N;15;10;3674;48838;3737,14844,20903,29358,38977,43074,47728,48838;0;2025-04-02 18:32:09
jWPhzLJGafQDPSoXtnLT6PZfmH2;P5wa0Zj4TGmG2AyT6hi5wg;SparkTheYoofer;\N;16;10;3639;48053;3729,13768,19829,28225,38549,42422,46972,48053;0;2025-04-02 18:32:09
jWPhzLJGafQDPSoXtnLT6PZfmH2;V_vWwMxbQqO0GgDYtK3zTg;KNACKII-U.U-;\N;17;10;3584;48545;3839,14638,20919,29285,39011,42780,47412,48545;0;2025-04-02 18:32:09
jWPhzLJGafQDPSoXtnLT6PZfmH2;t5IlapErRhyfjWYqBAoVzg;Karlukki;\N;18;10;3481;47962;3824,13898,19826,28235,38369,42332,46895,47962;0;2025-04-02 18:32:09
jWPhzLJGafQDPSoXtnLT6PZfmH2;o5CwDJbNTdu_4Dc67_rg2w;JUT.Harry;\N;19;10;3473;56862;3793,13894,19849,28475,47015,50958,55728,56862;0;2025-04-02 18:32:09
jWPhzLJGafQDPSoXtnLT6PZfmH2;0plnfcI8TUSBPRmcgQbI-w;OwlEye;\N;20;10;3340;48373;3849,13952,19987,28292,38166,41871,47131,48373;0;2025-04-02 18:32:09
jWPhzLJGafQDPSoXtnLT6PZfmH2;FlcTcBmzRJ-c4Lxp-Mz3ZQ;DrShnizzle;\N;21;10;3326;51356;3839,13945,20036,28128,38353,43258,48554,51356;0;2025-04-02 18:32:09
jWPhzLJGafQDPSoXtnLT6PZfmH2;uJ6DaJRbRX6riNklD3XqvQ;CatBagasm;\N;22;10;3270;48623;3788,14352,20809,28898,38806,42732,47465,48623;0;2025-04-02 18:32:09
jWPhzLJGafQDPSoXtnLT6PZfmH2;sysKs8ExTw2GkZg8_Q_CZg;Mericle_;\N;23;10;3258;49322;3899,15302,21373,29735,39768,43631,48208,49322;0;2025-04-02 18:32:09
jWPhzLJGafQDPSoXtnLT6PZfmH2;qmZlwJ84TIWLyZtTG0kL1g;DingDingDingTM;\N;24;10;3065;48033;3804,13994,20146,28378,38192,42015,46885,48033;0;2025-04-02 18:32:09
jWPhzLJGafQDPSoXtnLT6PZfmH2;19yViem4SO-1U9RfgLBjIQ;Ban_Mr_Greedy;\N;25;10;2997;48594;3849,14007,20190,28365,38479,42338,47358,48594;0;2025-04-02 18:32:09
jWPhzLJGafQDPSoXtnLT6PZfmH2;3q2MNAJISh6g6O2zCeJ2NA;LeftIsFaster;\N;26;10;2988;50719;3843,14460,21142,29378,40018,44012,49179,50719;0;2025-04-02 18:32:09
jWPhzLJGafQDPSoXtnLT6PZfmH2;XoQlszEDTTGx8uQ7mek_vw;Phosphorescentt;\N;27;10;2901;48238;3839,13885,19994,28385,38354,42243,47068,48238;0;2025-04-02 18:32:09
jWPhzLJGafQDPSoXtnLT6PZfmH2;9Xjt5MYTR1eviSh3mFc1xA;Retoxi;\N;28;10;2883;50431;3904,14308,20771,29759,40463,44638,49322,50431;0;2025-04-02 18:32:09
jWPhzLJGafQDPSoXtnLT6PZfmH2;g99d814yQPOLAAPgV3vISw;Tundil897;\N;29;10;2875;54057;3843,15592,22244,31065,44047,47935,52822,54057;0;2025-04-02 18:32:09
jWPhzLJGafQDPSoXtnLT6PZfmH2;LNQuQmpvTRGxqjRXrgMM_Q;Titan_3X;\N;30;10;2872;50019;3884,14325,20669,29388,40018,43994,48795,50019;0;2025-04-02 18:32:09
jWPhzLJGafQDPSoXtnLT6PZfmH2;MPvgbR3LT3mw8O7H3iSDVg;Shantiyay;\N;31;10;2868;51047;3757,15602,21982,30455,40977,44855,49828,51047;0;2025-04-02 18:32:09
jWPhzLJGafQDPSoXtnLT6PZfmH2;Z4Dl1Gb9QiS_EwV-Mtet5w;HUGH_JAN0S;\N;32;10;2838;48301;3797,13861,19874,28115,38434,42238,47145,48301;0;2025-04-02 18:32:09
jWPhzLJGafQDPSoXtnLT6PZfmH2;3QiPnsyzSV-E7OrXhNTZ2A;FighterDE;\N;33;10;2340;48889;3834,14162,20320,28612,38792,42690,47698,48889;0;2025-04-02 18:32:09
jWPhzLJGafQDPSoXtnLT6PZfmH2;U-X3mdQhTbSIaKDTp3QAYw;Funkerberg;\N;34;10;2207;54334;3793,14245,20724,29272,42612,47476,52809,54334;0;2025-04-02 18:32:09
jWPhzLJGafQDPSoXtnLT6PZfmH2;L1y4StxhS0aUGfP_OCoe1Q;xGuull;\N;35;10;1694;-1;;0;2025-04-02 18:32:09
jWPhzLJGafQDPSoXtnLT6PZfmH2;UcES0KWiTB6NUFJBFp6qFw;singerous.;\N;36;10;845;-1;;0;2025-04-02 18:32:09
jWPhzLJGafQDPSoXtnLT6PZfmH2;QqaYuX9ZQQSoQmPHFIjWGQ;Brind;\N;37;10;840;-1;;0;2025-04-02 18:32:09
jWPhzLJGafQDPSoXtnLT6PZfmH2;YPIkOExNRMu3m46eFVqAEg;WeLoveDrumABass;\N;38;10;832;-1;;0;2025-04-02 18:32:09
jWPhzLJGafQDPSoXtnLT6PZfmH2;hPCnBeJkTt2wVPBrJhJxVg;romac20;\N;39;10;276;-1;;0;2025-04-02 18:32:09
jWPhzLJGafQDPSoXtnLT6PZfmH2;F4aNYLSUS4iB3_Td_a4c8Q;Evo.Chris92;\N;40;10;0;-1;;0;2025-04-02 18:32:09
jWPhzLJGafQDPSoXtnLT6PZfmH2;DE3yRs0pQJ-KfDJyFNeazQ;Evo.Palli;\N;41;10;0;-1;;0;2025-04-02 18:32:09
jWPhzLJGafQDPSoXtnLT6PZfmH2;WG1bAmRCQ06uBGW0OSg-bw;HavoccTM;\N;42;10;0;-1;;0;2025-04-02 18:32:09
jWPhzLJGafQDPSoXtnLT6PZfmH2;i4AUjXKnRfuGuHMOaXLP7w;Linden.CC;\N;43;10;0;-1;;0;2025-04-02 18:32:09
jWPhzLJGafQDPSoXtnLT6PZfmH2;NGcBSsHMSq6Z_mvrXsojKg;Mr.Joermungandr;\N;44;10;0;-1;;0;2025-04-02 18:32:09
jWPhzLJGafQDPSoXtnLT6PZfmH2;NTJ0Oob6RhWjQ9D6eGe7WQ;NLBS_;\N;45;10;0;-1;;0;2025-04-02 18:32:09
jWPhzLJGafQDPSoXtnLT6PZfmH2;XtO-pzE0RImUsH-NWjuvQA;knutwest;\N;46;10;0;-1;;0;2025-04-02 18:32:09
jWPhzLJGafQDPSoXtnLT6PZfmH2;cVkbC0eGRqKbC8FfZMxbGg;pyr0man1acTM;\N;47;10;0;-1;;0;2025-04-02 18:32:09
jWPhzLJGafQDPSoXtnLT6PZfmH2;sHPPSXb4TRuN50yggB_hIg;xkoshy;\N;48;10;0;-1;;0;2025-04-02 18:32:09
jWPhzLJGafQDPSoXtnLT6PZfmH2;1aAj3epZQO-UAXt43rQoHA;zelibumba;\N;49;10;0;-1;;0;2025-04-02 18:32:09
jWPhzLJGafQDPSoXtnLT6PZfmH2;cncibHERSXeVpllZONllTA;Rh3torique;\N;1;11;5128;46890;3773,13758,19757,27682,37632,41297,45822,46890;0;2025-04-02 18:33:28
jWPhzLJGafQDPSoXtnLT6PZfmH2;yRigbMYiSeS2a2vLZIjbTA;InfernoTM.;\N;2;11;4892;46775;3809,13895,19944,27915,37512,41098,45712,46775;0;2025-04-02 18:33:28
jWPhzLJGafQDPSoXtnLT6PZfmH2;JvRadosZS-SZUPngNn5IYA;Venn.jpg;\N;3;11;4840;46441;3798,13745,19644,27565,37202,40898,45372,46441;0;2025-04-02 18:33:28
jWPhzLJGafQDPSoXtnLT6PZfmH2;-PfCgIQZRy6TKWQ2_j0Eww;NuPrime_TM;\N;4;11;4676;47944;3769,13807,19768,28188,38401,42248,46862,47944;0;2025-04-02 18:33:28
jWPhzLJGafQDPSoXtnLT6PZfmH2;Hp6vj6FuTHiHS7xyeZYVmg;Javas..;\N;5;11;4447;48072;3782,13858,19983,28388,38414,42341,46952,48072;0;2025-04-02 18:33:28
jWPhzLJGafQDPSoXtnLT6PZfmH2;mJZx-6H9S6uOl96QKAnZcQ;Bimy..;\N;6;11;4417;47068;3793,13811,19847,27768,37563,41357,45995,47068;0;2025-04-02 18:33:28
jWPhzLJGafQDPSoXtnLT6PZfmH2;2DYnpCx8S-mWnBq0Hy95-g;Kurisu-tina_;\N;7;11;4307;47271;3763,13762,19812,27905,37952,41661,46222,47271;0;2025-04-02 18:33:28
jWPhzLJGafQDPSoXtnLT6PZfmH2;2F_SzL9qRKeIzJ2GlbgriA;J4K_TM;\N;8;11;4225;48199;3789,13801,19808,28585,38557,42398,47052,48199;0;2025-04-02 18:33:28
jWPhzLJGafQDPSoXtnLT6PZfmH2;lQakLAayTRiyDxvH0CKvEg;Killian_.;\N;9;11;4180;47727;3773,14148,20368,28685,38373,42083,46652,47727;0;2025-04-02 18:33:28
jWPhzLJGafQDPSoXtnLT6PZfmH2;jBT0kLm1RLOrAaPEk38wAA;miles.TM;\N;10;11;4175;47312;3764,13738,19667,27852,37884,41588,46188,47312;0;2025-04-02 18:33:28
jWPhzLJGafQDPSoXtnLT6PZfmH2;Vq5ZN29fS_mQx8OZSIbdnA;indiedriver;\N;11;11;4147;48099;3764,13885,19868,27908,38402,42295,46975,48099;0;2025-04-02 18:33:28
jWPhzLJGafQDPSoXtnLT6PZfmH2;N9Gp-WAKQWWEBi0AG63oGQ;Yann.TM;\N;12;11;4100;50015;3763,13888,19832,28225,40326,44328,48925,50015;0;2025-04-02 18:33:28
jWPhzLJGafQDPSoXtnLT6PZfmH2;duzYCzPgSsCSPOosBZJu6w;Liffey.;\N;13;11;4086;47858;3793,13802,19791,28395,38414,42145,46758,47858;0;2025-04-02 18:33:28
jWPhzLJGafQDPSoXtnLT6PZfmH2;eUoobETZQnaDzkMcunurdA;Marius89..;\N;14;11;4084;47972;3828,14318,20516,28585,38476,42308,46888,47972;0;2025-04-02 18:33:28
jWPhzLJGafQDPSoXtnLT6PZfmH2;P5wa0Zj4TGmG2AyT6hi5wg;SparkTheYoofer;\N;15;11;4082;47126;3749,13802,19749,27798,37523,41248,46012,47126;0;2025-04-02 18:33:28
jWPhzLJGafQDPSoXtnLT6PZfmH2;LASf-NPUSm2VlWOV6W3ybA;mshk_frede;\N;16;11;4064;47761;3704,13781,19718,27998,37943,42134,46685,47761;0;2025-04-02 18:33:28
jWPhzLJGafQDPSoXtnLT6PZfmH2;V_vWwMxbQqO0GgDYtK3zTg;KNACKII-U.U-;\N;17;11;3965;47853;3839,14098,20206,28508,38343,41947,46682,47853;0;2025-04-02 18:33:28
jWPhzLJGafQDPSoXtnLT6PZfmH2;o5CwDJbNTdu_4Dc67_rg2w;JUT.Harry;\N;18;11;3770;49731;3784,13952,20038,28645,39685,43727,48538,49731;0;2025-04-02 18:33:28
jWPhzLJGafQDPSoXtnLT6PZfmH2;t5IlapErRhyfjWYqBAoVzg;Karlukki;\N;19;11;3766;51498;3789,14352,20758,29008,42018,45858,50438,51498;0;2025-04-02 18:33:28
jWPhzLJGafQDPSoXtnLT6PZfmH2;sysKs8ExTw2GkZg8_Q_CZg;Mericle_;\N;20;11;3667;47365;3824,13955,20087,28242,37912,41677,46275,47365;0;2025-04-02 18:33:28
jWPhzLJGafQDPSoXtnLT6PZfmH2;0plnfcI8TUSBPRmcgQbI-w;OwlEye;\N;21;11;3662;48313;3837,13814,19797,28175,38159,42215,47115,48313;0;2025-04-02 18:33:28
jWPhzLJGafQDPSoXtnLT6PZfmH2;FlcTcBmzRJ-c4Lxp-Mz3ZQ;DrShnizzle;\N;22;11;3638;48836;3828,14022,20098,28455,38394,42335,47528,48836;0;2025-04-02 18:33:28
jWPhzLJGafQDPSoXtnLT6PZfmH2;uJ6DaJRbRX6riNklD3XqvQ;CatBagasm;\N;23;11;3597;48272;3808,14027,20141,28792,38616,42465,47162,48272;0;2025-04-02 18:33:28
jWPhzLJGafQDPSoXtnLT6PZfmH2;qmZlwJ84TIWLyZtTG0kL1g;DingDingDingTM;\N;24;11;3365;49284;3794,14074,20413,28845,39358,43424,48132,49284;0;2025-04-02 18:33:28
jWPhzLJGafQDPSoXtnLT6PZfmH2;19yViem4SO-1U9RfgLBjIQ;Ban_Mr_Greedy;\N;25;11;3314;48453;3884,13985,20218,28492,38774,42663,47352,48453;0;2025-04-02 18:33:28
jWPhzLJGafQDPSoXtnLT6PZfmH2;3q2MNAJISh6g6O2zCeJ2NA;LeftIsFaster;\N;26;11;3292;49249;3844,14225,20562,28795,39418,43398,48088,49249;0;2025-04-02 18:33:28
jWPhzLJGafQDPSoXtnLT6PZfmH2;XoQlszEDTTGx8uQ7mek_vw;Phosphorescentt;\N;27;11;3239;48152;3828,14028,20057,28392,38579,42354,47015,48152;0;2025-04-02 18:33:28
jWPhzLJGafQDPSoXtnLT6PZfmH2;MPvgbR3LT3mw8O7H3iSDVg;Shantiyay;\N;28;11;3162;50010;3824,14254,20641,29132,39324,43363,48673,50010;0;2025-04-02 18:33:28
jWPhzLJGafQDPSoXtnLT6PZfmH2;9Xjt5MYTR1eviSh3mFc1xA;Retoxi;\N;29;11;3161;54193;3914,18740,25014,33898,44005,48125,53005,54193;0;2025-04-02 18:33:28
jWPhzLJGafQDPSoXtnLT6PZfmH2;g99d814yQPOLAAPgV3vISw;Tundil897;\N;30;11;3157;53064;3889,16085,22694,31934,42404,46527,51729,53064;0;2025-04-02 18:33:28
jWPhzLJGafQDPSoXtnLT6PZfmH2;Z4Dl1Gb9QiS_EwV-Mtet5w;HUGH_JAN0S;\N;31;11;3146;48912;3774,14148,20533,29092,39297,43132,47802,48912;0;2025-04-02 18:33:28
jWPhzLJGafQDPSoXtnLT6PZfmH2;LNQuQmpvTRGxqjRXrgMM_Q;Titan_3X;\N;32;11;2872;-1;;0;2025-04-02 18:33:28
jWPhzLJGafQDPSoXtnLT6PZfmH2;3QiPnsyzSV-E7OrXhNTZ2A;FighterDE;\N;33;11;2628;50957;3839,15495,21822,30612,41264,45040,49818,50957;0;2025-04-02 18:33:28
jWPhzLJGafQDPSoXtnLT6PZfmH2;U-X3mdQhTbSIaKDTp3QAYw;Funkerberg;\N;34;11;2483;63139;3803,14103,20499,29195,52159,56443,61729,63139;0;2025-04-02 18:33:28
jWPhzLJGafQDPSoXtnLT6PZfmH2;L1y4StxhS0aUGfP_OCoe1Q;xGuull;\N;35;11;1694;-1;;0;2025-04-02 18:33:28
jWPhzLJGafQDPSoXtnLT6PZfmH2;YPIkOExNRMu3m46eFVqAEg;WeLoveDrumABass;\N;36;11;1112;53614;3766,16158,22347,30838,42364,46668,52182,53614;0;2025-04-02 18:33:28
jWPhzLJGafQDPSoXtnLT6PZfmH2;UcES0KWiTB6NUFJBFp6qFw;singerous.;\N;37;11;845;-1;;0;2025-04-02 18:33:28
jWPhzLJGafQDPSoXtnLT6PZfmH2;QqaYuX9ZQQSoQmPHFIjWGQ;Brind;\N;38;11;840;-1;;0;2025-04-02 18:33:28
jWPhzLJGafQDPSoXtnLT6PZfmH2;hPCnBeJkTt2wVPBrJhJxVg;romac20;\N;39;11;276;-1;;0;2025-04-02 18:33:28
jWPhzLJGafQDPSoXtnLT6PZfmH2;F4aNYLSUS4iB3_Td_a4c8Q;Evo.Chris92;\N;40;11;0;-1;;0;2025-04-02 18:33:28
jWPhzLJGafQDPSoXtnLT6PZfmH2;DE3yRs0pQJ-KfDJyFNeazQ;Evo.Palli;\N;41;11;0;-1;;0;2025-04-02 18:33:28
jWPhzLJGafQDPSoXtnLT6PZfmH2;WG1bAmRCQ06uBGW0OSg-bw;HavoccTM;\N;42;11;0;-1;;0;2025-04-02 18:33:28
jWPhzLJGafQDPSoXtnLT6PZfmH2;i4AUjXKnRfuGuHMOaXLP7w;Linden.CC;\N;43;11;0;-1;;0;2025-04-02 18:33:28
jWPhzLJGafQDPSoXtnLT6PZfmH2;NGcBSsHMSq6Z_mvrXsojKg;Mr.Joermungandr;\N;44;11;0;-1;;0;2025-04-02 18:33:28
jWPhzLJGafQDPSoXtnLT6PZfmH2;NTJ0Oob6RhWjQ9D6eGe7WQ;NLBS_;\N;45;11;0;-1;;0;2025-04-02 18:33:28
jWPhzLJGafQDPSoXtnLT6PZfmH2;XtO-pzE0RImUsH-NWjuvQA;knutwest;\N;46;11;0;-1;;0;2025-04-02 18:33:28
jWPhzLJGafQDPSoXtnLT6PZfmH2;cVkbC0eGRqKbC8FfZMxbGg;pyr0man1acTM;\N;47;11;0;-1;;0;2025-04-02 18:33:28
jWPhzLJGafQDPSoXtnLT6PZfmH2;sHPPSXb4TRuN50yggB_hIg;xkoshy;\N;48;11;0;-1;;0;2025-04-02 18:33:28
jWPhzLJGafQDPSoXtnLT6PZfmH2;1aAj3epZQO-UAXt43rQoHA;zelibumba;\N;49;11;0;-1;;0;2025-04-02 18:33:28
jWPhzLJGafQDPSoXtnLT6PZfmH2;cncibHERSXeVpllZONllTA;Rh3torique;\N;1;12;5479;48018;3773,13694,19624,28055,38459,42263,46905,48018;0;2025-04-02 18:34:47
jWPhzLJGafQDPSoXtnLT6PZfmH2;yRigbMYiSeS2a2vLZIjbTA;InfernoTM.;\N;2;12;5377;46953;3778,13902,19882,27985,37603,41278,45878,46953;0;2025-04-02 18:34:47
jWPhzLJGafQDPSoXtnLT6PZfmH2;JvRadosZS-SZUPngNn5IYA;Venn.jpg;\N;3;12;5340;46278;3784,13678,19603,27568,37082,40772,45225,46278;0;2025-04-02 18:34:47
jWPhzLJGafQDPSoXtnLT6PZfmH2;-PfCgIQZRy6TKWQ2_j0Eww;NuPrime_TM;\N;4;12;5119;47128;3798,13875,19864,27841,37663,41488,46042,47128;0;2025-04-02 18:34:47
jWPhzLJGafQDPSoXtnLT6PZfmH2;mJZx-6H9S6uOl96QKAnZcQ;Bimy..;\N;5;12;4790;47647;3943,14154,20114,28445,38103,41785,46555,47647;0;2025-04-02 18:34:47
jWPhzLJGafQDPSoXtnLT6PZfmH2;Hp6vj6FuTHiHS7xyeZYVmg;Javas..;\N;6;12;4764;49074;3828,15310,21617,29665,39347,43295,47942,49074;0;2025-04-02 18:34:47
jWPhzLJGafQDPSoXtnLT6PZfmH2;2DYnpCx8S-mWnBq0Hy95-g;Kurisu-tina_;\N;7;12;4697;47571;3764,13712,19696,28362,38343,42017,46505,47571;0;2025-04-02 18:34:47
jWPhzLJGafQDPSoXtnLT6PZfmH2;2F_SzL9qRKeIzJ2GlbgriA;J4K_TM;\N;8;12;4634;47445;3814,13815,19749,27915,37808,41637,46322,47445;0;2025-04-02 18:34:47
jWPhzLJGafQDPSoXtnLT6PZfmH2;eUoobETZQnaDzkMcunurdA;Marius89..;\N;9;12;4554;46992;3818,13758,19758,27862,37638,41318,45915,46992;0;2025-04-02 18:34:47
jWPhzLJGafQDPSoXtnLT6PZfmH2;lQakLAayTRiyDxvH0CKvEg;Killian_.;\N;10;12;4545;47756;3764,13837,19833,28325,38313,42063,46688,47756;0;2025-04-02 18:34:47
jWPhzLJGafQDPSoXtnLT6PZfmH2;P5wa0Zj4TGmG2AyT6hi5wg;SparkTheYoofer;\N;11;12;4537;47031;3753,13748,19778,27742,37633,41397,45975,47031;0;2025-04-02 18:34:47
jWPhzLJGafQDPSoXtnLT6PZfmH2;duzYCzPgSsCSPOosBZJu6w;Liffey.;\N;12;12;4517;47305;3764,13827,19827,28022,37794,41538,46178,47305;0;2025-04-02 18:34:47
jWPhzLJGafQDPSoXtnLT6PZfmH2;LASf-NPUSm2VlWOV6W3ybA;mshk_frede;\N;13;12;4484;47430;3743,13782,19717,27762,37281,41015,46192,47430;0;2025-04-02 18:34:47
jWPhzLJGafQDPSoXtnLT6PZfmH2;jBT0kLm1RLOrAaPEk38wAA;miles.TM;\N;14;12;4469;49607;3794,15461,21597,30555,40284,44014,48535,49607;0;2025-04-02 18:34:47
jWPhzLJGafQDPSoXtnLT6PZfmH2;Vq5ZN29fS_mQx8OZSIbdnA;indiedriver;\N;15;12;4435;49761;3783,13978,20394,29858,40233,44135,48682,49761;0;2025-04-02 18:34:47
jWPhzLJGafQDPSoXtnLT6PZfmH2;N9Gp-WAKQWWEBi0AG63oGQ;Yann.TM;\N;16;12;4408;49144;3754,15047,21053,29405,38984,42732,47875,49144;0;2025-04-02 18:34:47
jWPhzLJGafQDPSoXtnLT6PZfmH2;V_vWwMxbQqO0GgDYtK3zTg;KNACKII-U.U-;\N;17;12;4303;48164;3799,13795,20005,28548,38659,42524,47082,48164;0;2025-04-02 18:34:47
jWPhzLJGafQDPSoXtnLT6PZfmH2;o5CwDJbNTdu_4Dc67_rg2w;JUT.Harry;\N;18;12;4169;47542;3794,13858,19849,28178,37763,41667,46398,47542;0;2025-04-02 18:34:47
jWPhzLJGafQDPSoXtnLT6PZfmH2;t5IlapErRhyfjWYqBAoVzg;Karlukki;\N;19;12;4066;49428;3814,14051,20054,29425,39666,43724,48305,49428;0;2025-04-02 18:34:47
jWPhzLJGafQDPSoXtnLT6PZfmH2;0plnfcI8TUSBPRmcgQbI-w;OwlEye;\N;20;12;4043;47625;3838,13775,19757,27998,37973,41760,46462,47625;0;2025-04-02 18:34:47
jWPhzLJGafQDPSoXtnLT6PZfmH2;sysKs8ExTw2GkZg8_Q_CZg;Mericle_;\N;21;12;3971;49358;3843,13878,19968,29135,39071,43020,48228,49358;0;2025-04-02 18:34:47
jWPhzLJGafQDPSoXtnLT6PZfmH2;FlcTcBmzRJ-c4Lxp-Mz3ZQ;DrShnizzle;\N;22;12;3965;48672;3824,13961,20136,28582,38799,42828,47548,48672;0;2025-04-02 18:34:47
jWPhzLJGafQDPSoXtnLT6PZfmH2;uJ6DaJRbRX6riNklD3XqvQ;CatBagasm;\N;23;12;3955;47845;3818,13754,19757,28248,38081,42148,46772,47845;0;2025-04-02 18:34:47
jWPhzLJGafQDPSoXtnLT6PZfmH2;qmZlwJ84TIWLyZtTG0kL1g;DingDingDingTM;\N;24;12;3709;48058;3813,14014,20172,28508,38394,42284,46965,48058;0;2025-04-02 18:34:47
jWPhzLJGafQDPSoXtnLT6PZfmH2;19yViem4SO-1U9RfgLBjIQ;Ban_Mr_Greedy;\N;25;12;3636;48998;3874,13928,20113,28372,38916,42920,47792,48998;0;2025-04-02 18:34:47
jWPhzLJGafQDPSoXtnLT6PZfmH2;3q2MNAJISh6g6O2zCeJ2NA;LeftIsFaster;\N;26;12;3572;60075;3849,23775,30084,38625,49783,53932,58918,60075;0;2025-04-02 18:34:47
jWPhzLJGafQDPSoXtnLT6PZfmH2;XoQlszEDTTGx8uQ7mek_vw;Phosphorescentt;\N;27;12;3536;49511;3812,14030,20147,28575,39564,43513,48342,49511;0;2025-04-02 18:34:47
jWPhzLJGafQDPSoXtnLT6PZfmH2;Z4Dl1Gb9QiS_EwV-Mtet5w;HUGH_JAN0S;\N;28;12;3478;48592;3809,14244,20387,28782,39089,42866,47502,48592;0;2025-04-02 18:34:47
jWPhzLJGafQDPSoXtnLT6PZfmH2;g99d814yQPOLAAPgV3vISw;Tundil897;\N;29;12;3469;49089;3793,13862,20283,28565,38559,42646,47765,49089;0;2025-04-02 18:34:47
jWPhzLJGafQDPSoXtnLT6PZfmH2;9Xjt5MYTR1eviSh3mFc1xA;Retoxi;\N;30;12;3443;58353;3867,14338,20610,37968,48098,51922,57078,58353;0;2025-04-02 18:34:47
jWPhzLJGafQDPSoXtnLT6PZfmH2;MPvgbR3LT3mw8O7H3iSDVg;Shantiyay;\N;31;12;3440;63088;3813,14042,20256,28642,52431,56475,61763,63088;0;2025-04-02 18:34:47
jWPhzLJGafQDPSoXtnLT6PZfmH2;LNQuQmpvTRGxqjRXrgMM_Q;Titan_3X;\N;32;12;3163;49688;3824,14128,20501,29148,39482,43738,48531,49688;0;2025-04-02 18:34:47
jWPhzLJGafQDPSoXtnLT6PZfmH2;3QiPnsyzSV-E7OrXhNTZ2A;FighterDE;\N;33;12;2913;51271;3837,16445,22704,31085,41677,45514,50155,51271;0;2025-04-02 18:34:47
jWPhzLJGafQDPSoXtnLT6PZfmH2;U-X3mdQhTbSIaKDTp3QAYw;Funkerberg;\N;34;12;2483;-1;;0;2025-04-02 18:34:47
jWPhzLJGafQDPSoXtnLT6PZfmH2;L1y4StxhS0aUGfP_OCoe1Q;xGuull;\N;35;12;1694;-1;;0;2025-04-02 18:34:47
jWPhzLJGafQDPSoXtnLT6PZfmH2;YPIkOExNRMu3m46eFVqAEg;WeLoveDrumABass;\N;36;12;1112;-1;;0;2025-04-02 18:34:47
jWPhzLJGafQDPSoXtnLT6PZfmH2;UcES0KWiTB6NUFJBFp6qFw;singerous.;\N;37;12;845;-1;;0;2025-04-02 18:34:47
jWPhzLJGafQDPSoXtnLT6PZfmH2;QqaYuX9ZQQSoQmPHFIjWGQ;Brind;\N;38;12;840;-1;;0;2025-04-02 18:34:47
jWPhzLJGafQDPSoXtnLT6PZfmH2;hPCnBeJkTt2wVPBrJhJxVg;romac20;\N;39;12;276;-1;;0;2025-04-02 18:34:47
jWPhzLJGafQDPSoXtnLT6PZfmH2;F4aNYLSUS4iB3_Td_a4c8Q;Evo.Chris92;\N;40;12;0;-1;;0;2025-04-02 18:34:47
jWPhzLJGafQDPSoXtnLT6PZfmH2;DE3yRs0pQJ-KfDJyFNeazQ;Evo.Palli;\N;41;12;0;-1;;0;2025-04-02 18:34:47
jWPhzLJGafQDPSoXtnLT6PZfmH2;WG1bAmRCQ06uBGW0OSg-bw;HavoccTM;\N;42;12;0;-1;;0;2025-04-02 18:34:47
jWPhzLJGafQDPSoXtnLT6PZfmH2;i4AUjXKnRfuGuHMOaXLP7w;Linden.CC;\N;43;12;0;-1;;0;2025-04-02 18:34:47
jWPhzLJGafQDPSoXtnLT6PZfmH2;NGcBSsHMSq6Z_mvrXsojKg;Mr.Joermungandr;\N;44;12;0;-1;;0;2025-04-02 18:34:47
jWPhzLJGafQDPSoXtnLT6PZfmH2;NTJ0Oob6RhWjQ9D6eGe7WQ;NLBS_;\N;45;12;0;-1;;0;2025-04-02 18:34:47
jWPhzLJGafQDPSoXtnLT6PZfmH2;XtO-pzE0RImUsH-NWjuvQA;knutwest;\N;46;12;0;-1;;0;2025-04-02 18:34:47
jWPhzLJGafQDPSoXtnLT6PZfmH2;cVkbC0eGRqKbC8FfZMxbGg;pyr0man1acTM;\N;47;12;0;-1;;0;2025-04-02 18:34:47
jWPhzLJGafQDPSoXtnLT6PZfmH2;sHPPSXb4TRuN50yggB_hIg;xkoshy;\N;48;12;0;-1;;0;2025-04-02 18:34:47
jWPhzLJGafQDPSoXtnLT6PZfmH2;1aAj3epZQO-UAXt43rQoHA;zelibumba;\N;49;12;0;-1;;0;2025-04-02 18:34:47
jWPhzLJGafQDPSoXtnLT6PZfmH2;cncibHERSXeVpllZONllTA;Rh3torique;\N;1;13;5949;46894;3778,13792,19773,27788,37447,41213,45802,46894;0;2025-04-02 18:36:06
jWPhzLJGafQDPSoXtnLT6PZfmH2;yRigbMYiSeS2a2vLZIjbTA;InfernoTM.;\N;2;13;5862;46792;3774,13778,19713,28072,37592,41218,45735,46792;0;2025-04-02 18:36:06
jWPhzLJGafQDPSoXtnLT6PZfmH2;JvRadosZS-SZUPngNn5IYA;Venn.jpg;\N;3;13;5840;46247;3779,13685,19591,27492,36997,40697,45182,46247;0;2025-04-02 18:36:06
jWPhzLJGafQDPSoXtnLT6PZfmH2;-PfCgIQZRy6TKWQ2_j0Eww;NuPrime_TM;\N;4;13;5436;48742;3787,14153,20658,29265,39368,43114,47675,48742;0;2025-04-02 18:36:06
jWPhzLJGafQDPSoXtnLT6PZfmH2;Hp6vj6FuTHiHS7xyeZYVmg;Javas..;\N;5;13;5195;47262;3779,13755,19832,27992,37738,41595,46172,47262;0;2025-04-02 18:36:06
jWPhzLJGafQDPSoXtnLT6PZfmH2;mJZx-6H9S6uOl96QKAnZcQ;Bimy..;\N;6;13;5180;47495;3763,13845,19836,28112,37972,41788,46418,47495;0;2025-04-02 18:36:06
jWPhzLJGafQDPSoXtnLT6PZfmH2;2DYnpCx8S-mWnBq0Hy95-g;Kurisu-tina_;\N;7;13;5152;47048;3753,13718,19806,27942,37677,41468,45972,47048;0;2025-04-02 18:36:06
jWPhzLJGafQDPSoXtnLT6PZfmH2;lQakLAayTRiyDxvH0CKvEg;Killian_.;\N;8;13;4965;47286;3753,13748,19739,28138,37738,41598,46195,47286;0;2025-04-02 18:36:06
jWPhzLJGafQDPSoXtnLT6PZfmH2;duzYCzPgSsCSPOosBZJu6w;Liffey.;\N;9;13;4960;47244;3809,13968,19899,28055,37638,41441,46078,47244;0;2025-04-02 18:36:06
jWPhzLJGafQDPSoXtnLT6PZfmH2;P5wa0Zj4TGmG2AyT6hi5wg;SparkTheYoofer;\N;10;13;4946;47405;3743,13893,20271,28358,38063,41731,46352,47405;0;2025-04-02 18:36:06
jWPhzLJGafQDPSoXtnLT6PZfmH2;eUoobETZQnaDzkMcunurdA;Marius89..;\N;11;13;4912;47748;3793,13941,19941,28102,38111,41887,46645,47748;0;2025-04-02 18:36:06
jWPhzLJGafQDPSoXtnLT6PZfmH2;2F_SzL9qRKeIzJ2GlbgriA;J4K_TM;\N;12;13;4910;59078;3779,13754,19682,27892,48558,53016,57968,59078;0;2025-04-02 18:36:06
jWPhzLJGafQDPSoXtnLT6PZfmH2;LASf-NPUSm2VlWOV6W3ybA;mshk_frede;\N;13;13;4883;47492;3748,14331,20386,28392,38019,41898,46398,47492;0;2025-04-02 18:36:06
jWPhzLJGafQDPSoXtnLT6PZfmH2;jBT0kLm1RLOrAaPEk38wAA;miles.TM;\N;14;13;4842;47558;3739,13695,19568,27878,38084,41944,46478,47558;0;2025-04-02 18:36:06
jWPhzLJGafQDPSoXtnLT6PZfmH2;Vq5ZN29fS_mQx8OZSIbdnA;indiedriver;\N;15;13;4816;47558;3754,13831,19792,28048,37978,41835,46382,47558;0;2025-04-02 18:36:06
jWPhzLJGafQDPSoXtnLT6PZfmH2;N9Gp-WAKQWWEBi0AG63oGQ;Yann.TM;\N;16;13;4720;49258;3764,13854,19907,28812,38974,42793,47975,49258;0;2025-04-02 18:36:06
jWPhzLJGafQDPSoXtnLT6PZfmH2;V_vWwMxbQqO0GgDYtK3zTg;KNACKII-U.U-;\N;17;13;4647;47832;3784,14014,20116,28368,38322,42101,46725,47832;0;2025-04-02 18:36:06
jWPhzLJGafQDPSoXtnLT6PZfmH2;o5CwDJbNTdu_4Dc67_rg2w;JUT.Harry;\N;18;13;4534;47593;3774,13875,19844,28368,37786,41708,46445,47593;0;2025-04-02 18:36:06
jWPhzLJGafQDPSoXtnLT6PZfmH2;0plnfcI8TUSBPRmcgQbI-w;OwlEye;\N;19;13;4375;48154;3799,13814,19854,28338,38438,42231,46935,48154;0;2025-04-02 18:36:06
jWPhzLJGafQDPSoXtnLT6PZfmH2;t5IlapErRhyfjWYqBAoVzg;Karlukki;\N;20;13;4354;49657;3819,13868,19893,29802,39921,43926,48525,49657;0;2025-04-02 18:36:06
jWPhzLJGafQDPSoXtnLT6PZfmH2;uJ6DaJRbRX6riNklD3XqvQ;CatBagasm;\N;21;13;4293;47942;3823,14015,20062,28272,38111,41972,46755,47942;0;2025-04-02 18:36:06
jWPhzLJGafQDPSoXtnLT6PZfmH2;FlcTcBmzRJ-c4Lxp-Mz3ZQ;DrShnizzle;\N;22;13;4265;49474;3829,14665,21006,29432,39381,43167,48232,49474;0;2025-04-02 18:36:06
jWPhzLJGafQDPSoXtnLT6PZfmH2;sysKs8ExTw2GkZg8_Q_CZg;Mericle_;\N;23;13;4262;49594;3919,15144,22302,30732,40262,43990,48508,49594;0;2025-04-02 18:36:06
jWPhzLJGafQDPSoXtnLT6PZfmH2;qmZlwJ84TIWLyZtTG0kL1g;DingDingDingTM;\N;24;13;4017;49294;3824,14345,21123,29618,39708,43575,48208,49294;0;2025-04-02 18:36:06
jWPhzLJGafQDPSoXtnLT6PZfmH2;19yViem4SO-1U9RfgLBjIQ;Ban_Mr_Greedy;\N;25;13;3963;48228;3864,14161,20231,28478,38583,42370,47098,48228;0;2025-04-02 18:36:06
jWPhzLJGafQDPSoXtnLT6PZfmH2;XoQlszEDTTGx8uQ7mek_vw;Phosphorescentt;\N;26;13;3887;47753;3794,14025,20058,28285,38078,41824,46585,47753;0;2025-04-02 18:36:06
jWPhzLJGafQDPSoXtnLT6PZfmH2;3q2MNAJISh6g6O2zCeJ2NA;LeftIsFaster;\N;27;13;3869;49504;3833,14297,20528,29108,39404,43394,48288,49504;0;2025-04-02 18:36:06
jWPhzLJGafQDPSoXtnLT6PZfmH2;Z4Dl1Gb9QiS_EwV-Mtet5w;HUGH_JAN0S;\N;28;13;3800;48450;3773,14314,20594,28838,38914,42710,47358,48450;0;2025-04-02 18:36:06
jWPhzLJGafQDPSoXtnLT6PZfmH2;g99d814yQPOLAAPgV3vISw;Tundil897;\N;29;13;3754;52332;3829,13954,20330,28828,41746,45865,51028,52332;0;2025-04-02 18:36:06
jWPhzLJGafQDPSoXtnLT6PZfmH2;MPvgbR3LT3mw8O7H3iSDVg;Shantiyay;\N;30;13;3744;49395;3758,14194,20569,29018,39152,43108,48155,49395;0;2025-04-02 18:36:06
jWPhzLJGafQDPSoXtnLT6PZfmH2;9Xjt5MYTR1eviSh3mFc1xA;Retoxi;\N;31;13;3737;49558;3943,14287,20652,29372,39475,43542,48358,49558;0;2025-04-02 18:36:06
jWPhzLJGafQDPSoXtnLT6PZfmH2;LNQuQmpvTRGxqjRXrgMM_Q;Titan_3X;\N;32;13;3445;54008;3883,14224,20660,29272,44198,48172,52842,54008;0;2025-04-02 18:36:06
jWPhzLJGafQDPSoXtnLT6PZfmH2;3QiPnsyzSV-E7OrXhNTZ2A;FighterDE;\N;33;13;3193;56348;3808,16334,22683,31268,46548,50444,55192,56348;0;2025-04-02 18:36:06
jWPhzLJGafQDPSoXtnLT6PZfmH2;U-X3mdQhTbSIaKDTp3QAYw;Funkerberg;\N;34;13;2761;57867;3828,21315,27840,36558,48007,51981,56698,57867;0;2025-04-02 18:36:06
jWPhzLJGafQDPSoXtnLT6PZfmH2;L1y4StxhS0aUGfP_OCoe1Q;xGuull;\N;35;13;1694;-1;;0;2025-04-02 18:36:06
jWPhzLJGafQDPSoXtnLT6PZfmH2;YPIkOExNRMu3m46eFVqAEg;WeLoveDrumABass;\N;36;13;1112;-1;;0;2025-04-02 18:36:06
jWPhzLJGafQDPSoXtnLT6PZfmH2;UcES0KWiTB6NUFJBFp6qFw;singerous.;\N;37;13;845;-1;;0;2025-04-02 18:36:06
jWPhzLJGafQDPSoXtnLT6PZfmH2;QqaYuX9ZQQSoQmPHFIjWGQ;Brind;\N;38;13;840;-1;;0;2025-04-02 18:36:06
jWPhzLJGafQDPSoXtnLT6PZfmH2;hPCnBeJkTt2wVPBrJhJxVg;romac20;\N;39;13;276;-1;;0;2025-04-02 18:36:06
jWPhzLJGafQDPSoXtnLT6PZfmH2;F4aNYLSUS4iB3_Td_a4c8Q;Evo.Chris92;\N;40;13;0;-1;;0;2025-04-02 18:36:06
jWPhzLJGafQDPSoXtnLT6PZfmH2;DE3yRs0pQJ-KfDJyFNeazQ;Evo.Palli;\N;41;13;0;-1;;0;2025-04-02 18:36:06
jWPhzLJGafQDPSoXtnLT6PZfmH2;WG1bAmRCQ06uBGW0OSg-bw;HavoccTM;\N;42;13;0;-1;;0;2025-04-02 18:36:06
jWPhzLJGafQDPSoXtnLT6PZfmH2;i4AUjXKnRfuGuHMOaXLP7w;Linden.CC;\N;43;13;0;-1;;0;2025-04-02 18:36:06
jWPhzLJGafQDPSoXtnLT6PZfmH2;NGcBSsHMSq6Z_mvrXsojKg;Mr.Joermungandr;\N;44;13;0;-1;;0;2025-04-02 18:36:06
jWPhzLJGafQDPSoXtnLT6PZfmH2;NTJ0Oob6RhWjQ9D6eGe7WQ;NLBS_;\N;45;13;0;-1;;0;2025-04-02 18:36:06
jWPhzLJGafQDPSoXtnLT6PZfmH2;XtO-pzE0RImUsH-NWjuvQA;knutwest;\N;46;13;0;-1;;0;2025-04-02 18:36:06
jWPhzLJGafQDPSoXtnLT6PZfmH2;cVkbC0eGRqKbC8FfZMxbGg;pyr0man1acTM;\N;47;13;0;-1;;0;2025-04-02 18:36:06
jWPhzLJGafQDPSoXtnLT6PZfmH2;sHPPSXb4TRuN50yggB_hIg;xkoshy;\N;48;13;0;-1;;0;2025-04-02 18:36:06
jWPhzLJGafQDPSoXtnLT6PZfmH2;1aAj3epZQO-UAXt43rQoHA;zelibumba;\N;49;13;0;-1;;0;2025-04-02 18:36:06
jWPhzLJGafQDPSoXtnLT6PZfmH2;cncibHERSXeVpllZONllTA;Rh3torique;\N;1;14;6449;46921;3739,13654,19689,27705,37369,41167,45818,46921;0;2025-04-02 18:37:26
jWPhzLJGafQDPSoXtnLT6PZfmH2;JvRadosZS-SZUPngNn5IYA;Venn.jpg;\N;2;14;6221;47548;3804,13735,19652,28058,38099,41982,46505,47548;0;2025-04-02 18:37:26
jWPhzLJGafQDPSoXtnLT6PZfmH2;yRigbMYiSeS2a2vLZIjbTA;InfernoTM.;\N;3;14;6153;50431;3764,13688,19719,28058,41104,44890,49362,50431;0;2025-04-02 18:37:26
jWPhzLJGafQDPSoXtnLT6PZfmH2;-PfCgIQZRy6TKWQ2_j0Eww;NuPrime_TM;\N;4;14;5809;47637;3818,13768,19764,27728,38122,41917,46555,47637;0;2025-04-02 18:37:26
jWPhzLJGafQDPSoXtnLT6PZfmH2;mJZx-6H9S6uOl96QKAnZcQ;Bimy..;\N;5;14;5589;47438;3764,13778,19637,27912,37794,41785,46388,47438;0;2025-04-02 18:37:26
jWPhzLJGafQDPSoXtnLT6PZfmH2;2DYnpCx8S-mWnBq0Hy95-g;Kurisu-tina_;\N;6;14;5583;47295;3739,13754,19799,27938,37928,41672,46218,47295;0;2025-04-02 18:37:26
jWPhzLJGafQDPSoXtnLT6PZfmH2;Hp6vj6FuTHiHS7xyeZYVmg;Javas..;\N;7;14;5560;47644;3768,13842,19976,28278,37726,41872,46535,47644;0;2025-04-02 18:37:26
jWPhzLJGafQDPSoXtnLT6PZfmH2;P5wa0Zj4TGmG2AyT6hi5wg;SparkTheYoofer;\N;8;14;5416;47218;3773,13782,19709,27748,37727,41531,46112,47218;0;2025-04-02 18:37:26
jWPhzLJGafQDPSoXtnLT6PZfmH2;duzYCzPgSsCSPOosBZJu6w;Liffey.;\N;9;14;5403;47262;3814,13814,19764,27938,37899,41558,46152,47262;0;2025-04-02 18:37:26
jWPhzLJGafQDPSoXtnLT6PZfmH2;LASf-NPUSm2VlWOV6W3ybA;mshk_frede;\N;10;14;5338;47244;3738,13938,20018,28098,37913,41680,46202,47244;0;2025-04-02 18:37:26
jWPhzLJGafQDPSoXtnLT6PZfmH2;2F_SzL9qRKeIzJ2GlbgriA;J4K_TM;\N;11;14;5330;47437;3753,13848,19829,27915,38033,41848,46365,47437;0;2025-04-02 18:37:26
jWPhzLJGafQDPSoXtnLT6PZfmH2;jBT0kLm1RLOrAaPEk38wAA;miles.TM;\N;12;14;5327;47181;3758,13895,19869,28152,37767,41544,46088,47181;0;2025-04-02 18:37:26
jWPhzLJGafQDPSoXtnLT6PZfmH2;eUoobETZQnaDzkMcunurdA;Marius89..;\N;13;14;5302;47534;3828,13778,19830,28022,37977,41808,46452,47534;0;2025-04-02 18:37:26
jWPhzLJGafQDPSoXtnLT6PZfmH2;Vq5ZN29fS_mQx8OZSIbdnA;indiedriver;\N;14;14;5174;47648;3767,13778,19736,28088,38233,42028,46572,47648;0;2025-04-02 18:37:26
jWPhzLJGafQDPSoXtnLT6PZfmH2;N9Gp-WAKQWWEBi0AG63oGQ;Yann.TM;\N;15;14;5071;47700;3773,13765,19766,28071,38153,42082,46625,47700;0;2025-04-02 18:37:26
jWPhzLJGafQDPSoXtnLT6PZfmH2;V_vWwMxbQqO0GgDYtK3zTg;KNACKII-U.U-;\N;16;14;4979;48057;3829,13811,19882,28348,38469,42284,46942,48057;0;2025-04-02 18:37:26
jWPhzLJGafQDPSoXtnLT6PZfmH2;lQakLAayTRiyDxvH0CKvEg;Killian_.;\N;17;14;4965;-1;;0;2025-04-02 18:37:26
jWPhzLJGafQDPSoXtnLT6PZfmH2;o5CwDJbNTdu_4Dc67_rg2w;JUT.Harry;\N;18;14;4933;47532;3778,13801,19743,28115,37602,41528,46365,47532;0;2025-04-02 18:37:26
jWPhzLJGafQDPSoXtnLT6PZfmH2;0plnfcI8TUSBPRmcgQbI-w;OwlEye;\N;19;14;4719;47915;3794,13848,19779,28172,38268,42103,46815,47915;0;2025-04-02 18:37:26
jWPhzLJGafQDPSoXtnLT6PZfmH2;t5IlapErRhyfjWYqBAoVzg;Karlukki;\N;20;14;4692;47928;3798,14305,20282,28625,38389,42185,46798,47928;0;2025-04-02 18:37:26
jWPhzLJGafQDPSoXtnLT6PZfmH2;FlcTcBmzRJ-c4Lxp-Mz3ZQ;DrShnizzle;\N;21;14;4587;48172;3823,14108,20144,28352,38597,42415,47052,48172;0;2025-04-02 18:37:26
jWPhzLJGafQDPSoXtnLT6PZfmH2;uJ6DaJRbRX6riNklD3XqvQ;CatBagasm;\N;22;14;4581;50644;3807,13967,19993,28225,40528,44698,49458,50644;0;2025-04-02 18:37:26
jWPhzLJGafQDPSoXtnLT6PZfmH2;sysKs8ExTw2GkZg8_Q_CZg;Mericle_;\N;23;14;4579;48317;3864,14222,20426,28901,38909,42728,47228,48317;0;2025-04-02 18:37:26
jWPhzLJGafQDPSoXtnLT6PZfmH2;qmZlwJ84TIWLyZtTG0kL1g;DingDingDingTM;\N;24;14;4329;48675;3798,13945,20131,28585,38626,42515,47488,48675;0;2025-04-02 18:37:26
jWPhzLJGafQDPSoXtnLT6PZfmH2;19yViem4SO-1U9RfgLBjIQ;Ban_Mr_Greedy;\N;25;14;4248;51209;3869,14087,20508,31002,41281,45175,49975,51209;0;2025-04-02 18:37:26
jWPhzLJGafQDPSoXtnLT6PZfmH2;XoQlszEDTTGx8uQ7mek_vw;Phosphorescentt;\N;26;14;4195;48787;3833,14062,20112,29188,39193,42934,47622,48787;0;2025-04-02 18:37:26
jWPhzLJGafQDPSoXtnLT6PZfmH2;3q2MNAJISh6g6O2zCeJ2NA;LeftIsFaster;\N;27;14;4149;62267;3859,27747,34186,42228,52704,56534,61168,62267;0;2025-04-02 18:37:26
jWPhzLJGafQDPSoXtnLT6PZfmH2;Z4Dl1Gb9QiS_EwV-Mtet5w;HUGH_JAN0S;\N;28;14;4127;48069;3753,13862,19878,28112,38282,42284,46985,48069;0;2025-04-02 18:37:26
jWPhzLJGafQDPSoXtnLT6PZfmH2;MPvgbR3LT3mw8O7H3iSDVg;Shantiyay;\N;29;14;4041;49378;3779,13938,20144,28638,38825,42843,48095,49378;0;2025-04-02 18:37:26
jWPhzLJGafQDPSoXtnLT6PZfmH2;9Xjt5MYTR1eviSh3mFc1xA;Retoxi;\N;30;14;4037;48908;3889,14045,20324,29138,39348,43217,47788,48908;0;2025-04-02 18:37:26
jWPhzLJGafQDPSoXtnLT6PZfmH2;g99d814yQPOLAAPgV3vISw;Tundil897;\N;31;14;4036;53972;3827,15425,21845,30298,42561,47336,52589,53972;0;2025-04-02 18:37:26
jWPhzLJGafQDPSoXtnLT6PZfmH2;LNQuQmpvTRGxqjRXrgMM_Q;Titan_3X;\N;32;14;3739;50140;3809,14358,20775,29452,39717,43797,48915,50140;0;2025-04-02 18:37:26
jWPhzLJGafQDPSoXtnLT6PZfmH2;3QiPnsyzSV-E7OrXhNTZ2A;FighterDE;\N;33;14;3497;48902;3788,13884,20032,28735,38789,42713,47722,48902;0;2025-04-02 18:37:26
jWPhzLJGafQDPSoXtnLT6PZfmH2;U-X3mdQhTbSIaKDTp3QAYw;Funkerberg;\N;34;14;3039;65202;3794,18389,25356,34588,55374,59380,64078,65202;0;2025-04-02 18:37:26
jWPhzLJGafQDPSoXtnLT6PZfmH2;L1y4StxhS0aUGfP_OCoe1Q;xGuull;\N;35;14;1694;-1;;0;2025-04-02 18:37:26
jWPhzLJGafQDPSoXtnLT6PZfmH2;YPIkOExNRMu3m46eFVqAEg;WeLoveDrumABass;\N;36;14;1388;67635;3838,21595,30328,39695,55171,59977,65444,67635;0;2025-04-02 18:37:26
jWPhzLJGafQDPSoXtnLT6PZfmH2;UcES0KWiTB6NUFJBFp6qFw;singerous.;\N;37;14;845;-1;;0;2025-04-02 18:37:26
jWPhzLJGafQDPSoXtnLT6PZfmH2;QqaYuX9ZQQSoQmPHFIjWGQ;Brind;\N;38;14;840;-1;;0;2025-04-02 18:37:26
jWPhzLJGafQDPSoXtnLT6PZfmH2;hPCnBeJkTt2wVPBrJhJxVg;romac20;\N;39;14;276;-1;;0;2025-04-02 18:37:26
jWPhzLJGafQDPSoXtnLT6PZfmH2;F4aNYLSUS4iB3_Td_a4c8Q;Evo.Chris92;\N;40;14;0;-1;;0;2025-04-02 18:37:26
jWPhzLJGafQDPSoXtnLT6PZfmH2;DE3yRs0pQJ-KfDJyFNeazQ;Evo.Palli;\N;41;14;0;-1;;0;2025-04-02 18:37:26
jWPhzLJGafQDPSoXtnLT6PZfmH2;WG1bAmRCQ06uBGW0OSg-bw;HavoccTM;\N;42;14;0;-1;;0;2025-04-02 18:37:26
jWPhzLJGafQDPSoXtnLT6PZfmH2;i4AUjXKnRfuGuHMOaXLP7w;Linden.CC;\N;43;14;0;-1;;0;2025-04-02 18:37:26
jWPhzLJGafQDPSoXtnLT6PZfmH2;NGcBSsHMSq6Z_mvrXsojKg;Mr.Joermungandr;\N;44;14;0;-1;;0;2025-04-02 18:37:26
jWPhzLJGafQDPSoXtnLT6PZfmH2;NTJ0Oob6RhWjQ9D6eGe7WQ;NLBS_;\N;45;14;0;-1;;0;2025-04-02 18:37:26
jWPhzLJGafQDPSoXtnLT6PZfmH2;XtO-pzE0RImUsH-NWjuvQA;knutwest;\N;46;14;0;-1;;0;2025-04-02 18:37:26
jWPhzLJGafQDPSoXtnLT6PZfmH2;cVkbC0eGRqKbC8FfZMxbGg;pyr0man1acTM;\N;47;14;0;-1;;0;2025-04-02 18:37:26
jWPhzLJGafQDPSoXtnLT6PZfmH2;sHPPSXb4TRuN50yggB_hIg;xkoshy;\N;48;14;0;-1;;0;2025-04-02 18:37:26
jWPhzLJGafQDPSoXtnLT6PZfmH2;1aAj3epZQO-UAXt43rQoHA;zelibumba;\N;49;14;0;-1;;0;2025-04-02 18:37:26
jWPhzLJGafQDPSoXtnLT6PZfmH2;cncibHERSXeVpllZONllTA;Rh3torique;\N;1;15;6949;46635;3774,13682,19622,27625,37203,40858,45528,46635;0;2025-04-02 18:38:41
jWPhzLJGafQDPSoXtnLT6PZfmH2;yRigbMYiSeS2a2vLZIjbTA;InfernoTM.;\N;2;15;6638;46657;3753,13658,19543,27728,37509,41124,45605,46657;0;2025-04-02 18:38:41
jWPhzLJGafQDPSoXtnLT6PZfmH2;JvRadosZS-SZUPngNn5IYA;Venn.jpg;\N;3;15;6579;47581;3779,13722,19756,28005,38102,42038,46528,47581;0;2025-04-02 18:38:41
jWPhzLJGafQDPSoXtnLT6PZfmH2;-PfCgIQZRy6TKWQ2_j0Eww;NuPrime_TM;\N;4;15;6279;46912;3793,13768,19757,27778,37386,41115,45825,46912;0;2025-04-02 18:38:41
jWPhzLJGafQDPSoXtnLT6PZfmH2;2DYnpCx8S-mWnBq0Hy95-g;Kurisu-tina_;\N;5;15;6038;46942;3738,13691,19599,27688,37622,41375,45868,46942;0;2025-04-02 18:38:41
jWPhzLJGafQDPSoXtnLT6PZfmH2;mJZx-6H9S6uOl96QKAnZcQ;Bimy..;\N;6;15;6032;47118;3758,13815,19748,27922,37659,41431,46022,47118;0;2025-04-02 18:38:41
jWPhzLJGafQDPSoXtnLT6PZfmH2;Hp6vj6FuTHiHS7xyeZYVmg;Javas..;\N;7;15;5980;47191;3809,13842,19920,27985,37504,41488,46082,47191;0;2025-04-02 18:38:41
jWPhzLJGafQDPSoXtnLT6PZfmH2;duzYCzPgSsCSPOosBZJu6w;Liffey.;\N;8;15;5784;47344;3793,13888,19949,28218,37853,41552,46238,47344;0;2025-04-02 18:38:41
jWPhzLJGafQDPSoXtnLT6PZfmH2;P5wa0Zj4TGmG2AyT6hi5wg;SparkTheYoofer;\N;9;15;5781;47517;3749,13815,19952,28232,38088,41947,46465,47517;0;2025-04-02 18:38:41
jWPhzLJGafQDPSoXtnLT6PZfmH2;jBT0kLm1RLOrAaPEk38wAA;miles.TM;\N;10;15;5758;47177;3798,13797,19712,27835,37697,41547,46062,47177;0;2025-04-02 18:38:41
jWPhzLJGafQDPSoXtnLT6PZfmH2;LASf-NPUSm2VlWOV6W3ybA;mshk_frede;\N;11;15;5737;47253;3733,13835,19827,28028,37639,41615,46165,47253;0;2025-04-02 18:38:41
jWPhzLJGafQDPSoXtnLT6PZfmH2;2F_SzL9qRKeIzJ2GlbgriA;J4K_TM;\N;12;15;5668;47785;3784,13821,19907,28002,38156,42088,46695,47785;0;2025-04-02 18:38:41
jWPhzLJGafQDPSoXtnLT6PZfmH2;eUoobETZQnaDzkMcunurdA;Marius89..;\N;13;15;5634;47848;3789,13755,19898,28055,38497,42128,46748,47848;0;2025-04-02 18:38:41
jWPhzLJGafQDPSoXtnLT6PZfmH2;Vq5ZN29fS_mQx8OZSIbdnA;indiedriver;\N;14;15;5468;49715;3768,13818,21514,30225,40107,43885,48575,49715;0;2025-04-02 18:38:41
jWPhzLJGafQDPSoXtnLT6PZfmH2;N9Gp-WAKQWWEBi0AG63oGQ;Yann.TM;\N;15;15;5461;47272;3793,13868,19758,28078,37997,41705,46225,47272;0;2025-04-02 18:38:41
jWPhzLJGafQDPSoXtnLT6PZfmH2;V_vWwMxbQqO0GgDYtK3zTg;KNACKII-U.U-;\N;16;15;5330;47602;3788,13878,19887,28248,38141,41908,46492,47602;0;2025-04-02 18:38:41
jWPhzLJGafQDPSoXtnLT6PZfmH2;o5CwDJbNTdu_4Dc67_rg2w;JUT.Harry;\N;17;15;5277;47684;3789,13918,19888,28258,37958,41830,46552,47684;0;2025-04-02 18:38:41
jWPhzLJGafQDPSoXtnLT6PZfmH2;t5IlapErRhyfjWYqBAoVzg;Karlukki;\N;18;15;5101;47212;3819,13768,19720,28128,37847,41535,46062,47212;0;2025-04-02 18:38:41
jWPhzLJGafQDPSoXtnLT6PZfmH2;0plnfcI8TUSBPRmcgQbI-w;OwlEye;\N;19;15;5092;47471;3828,13755,19684,27988,37981,41837,46405,47471;0;2025-04-02 18:38:41
jWPhzLJGafQDPSoXtnLT6PZfmH2;lQakLAayTRiyDxvH0CKvEg;Killian_.;\N;20;15;4965;-1;;0;2025-04-02 18:38:41
jWPhzLJGafQDPSoXtnLT6PZfmH2;uJ6DaJRbRX6riNklD3XqvQ;CatBagasm;\N;21;15;4898;48344;3823,14055,20301,28652,38602,42531,47195,48344;0;2025-04-02 18:38:41
jWPhzLJGafQDPSoXtnLT6PZfmH2;FlcTcBmzRJ-c4Lxp-Mz3ZQ;DrShnizzle;\N;22;15;4895;48842;3829,13958,19954,28118,38068,42637,47682,48842;0;2025-04-02 18:38:41
jWPhzLJGafQDPSoXtnLT6PZfmH2;sysKs8ExTw2GkZg8_Q_CZg;Mericle_;\N;23;15;4876;49332;3849,14211,20426,28725,38516,43144,48168,49332;0;2025-04-02 18:38:41
jWPhzLJGafQDPSoXtnLT6PZfmH2;qmZlwJ84TIWLyZtTG0kL1g;DingDingDingTM;\N;24;15;4651;48295;3824,13968,20118,28591,38507,42486,47158,48295;0;2025-04-02 18:38:41
jWPhzLJGafQDPSoXtnLT6PZfmH2;19yViem4SO-1U9RfgLBjIQ;Ban_Mr_Greedy;\N;25;15;4548;48969;3837,14082,20357,28612,38704,42700,47542,48969;0;2025-04-02 18:38:41
jWPhzLJGafQDPSoXtnLT6PZfmH2;XoQlszEDTTGx8uQ7mek_vw;Phosphorescentt;\N;26;15;4507;48454;3794,13892,19967,28355,38353,42424,47235,48454;0;2025-04-02 18:38:41
jWPhzLJGafQDPSoXtnLT6PZfmH2;Z4Dl1Gb9QiS_EwV-Mtet5w;HUGH_JAN0S;\N;27;15;4454;48254;3789,13892,19932,28182,38572,42505,47162,48254;0;2025-04-02 18:38:41
jWPhzLJGafQDPSoXtnLT6PZfmH2;3q2MNAJISh6g6O2zCeJ2NA;LeftIsFaster;\N;28;15;4429;57508;3913,21498,27592,35875,46343,50487,56129,57508;0;2025-04-02 18:38:41
jWPhzLJGafQDPSoXtnLT6PZfmH2;MPvgbR3LT3mw8O7H3iSDVg;Shantiyay;\N;29;15;4345;48858;3809,14025,20093,28872,38986,42780,47682,48858;0;2025-04-02 18:38:41
jWPhzLJGafQDPSoXtnLT6PZfmH2;g99d814yQPOLAAPgV3vISw;Tundil897;\N;30;15;4318;56434;3788,17870,24211,32635,45308,49708,55039,56434;0;2025-04-02 18:38:41
jWPhzLJGafQDPSoXtnLT6PZfmH2;9Xjt5MYTR1eviSh3mFc1xA;Retoxi;\N;31;15;4315;59218;3894,24187,30874,39278,49532,53388,58105,59218;0;2025-04-02 18:38:41
jWPhzLJGafQDPSoXtnLT6PZfmH2;LNQuQmpvTRGxqjRXrgMM_Q;Titan_3X;\N;32;15;4030;50324;3989,14924,21214,29992,40228,44441,49128,50324;0;2025-04-02 18:38:41
jWPhzLJGafQDPSoXtnLT6PZfmH2;3QiPnsyzSV-E7OrXhNTZ2A;FighterDE;\N;33;15;3782;53644;3837,14064,20344,28658,38706,42504,47892,53644;0;2025-04-02 18:38:41
jWPhzLJGafQDPSoXtnLT6PZfmH2;U-X3mdQhTbSIaKDTp3QAYw;Funkerberg;\N;34;15;3039;-1;;0;2025-04-02 18:38:41
jWPhzLJGafQDPSoXtnLT6PZfmH2;L1y4StxhS0aUGfP_OCoe1Q;xGuull;\N;35;15;1694;-1;;0;2025-04-02 18:38:41
jWPhzLJGafQDPSoXtnLT6PZfmH2;YPIkOExNRMu3m46eFVqAEg;WeLoveDrumABass;\N;36;15;1676;51164;3844,14917,21424,30045,40898,45037,49968,51164;0;2025-04-02 18:38:41
